Edge	mean.s_70	rep1.s_70	rep2.s_70	mean.s_1410	rep1.s_1410	rep2.s_1410	mean.s_2640	rep1.s_2640	rep2.s_2640	mean.s_5150	rep1.s_5150	rep2.s_5150	mean.s_7530	rep1.s_7530	rep2.s_7530	mean.s_10150	rep1.s_10150	rep2.s_10150	s_series	gen_series	x_series	Gene.Use	chromosome	insertion_edge	Type	briefDescription	edge_plot
AAAACATTATCAAAG	-0.0043564536886152826	-0.01154060031649285	0.00023768936787554746	-0.002941502980136218	-0.004942113661444239	0.0005662842660332584	-0.0009205851555354356	-0.0021233326766054725	0.0013432725933817831	-0.009852577413937823	-0.017344759373918574	-0.00710401822741832	-0.0019370556743352856	-0.007716447029281374	-0.00012089362321224607	-0.0023087834710086587	-0.006405166378491718	-0.0014547427871414715	-0.0043564536886152826;-0.002941502980136218;-0.0009205851555354356;-0.009852577413937823;-0.0019370556743352856;-0.0023087834710086587	70;1410;2640;5150;7530;10150	0.13301372053967395;0.17010975047612895;0.18896723946512656;0.2081436929582081;0.22936760798545314;0.22543411451148426	in TRP2	chr05	338454	Experiment	Anthranilate synthase	edge_plots/AAAACATTATCAAAG.png
AAAAGAAAAATGTAT	0.0044496460070085845	0.002843500041888005	0.006080788549184508	0.005665854766964344	0.0060312327415789615	0.0053319777911458605	0.004471959729375663	0.005565239799399333	-0.0006553987231598821	5.1886052811446425e-06	-0.003832310424383096	0.0027110400176370217	-0.0030928888089107698	-0.0073086401437665064	0.0020550123370559324	-0.013330362580614456	-0.015512569694322706	-0.0013448524296787445	0.0044496460070085845;0.005665854766964344;0.004471959729375663;5.1886052811446425e-06;-0.0030928888089107698;-0.013330362580614456	70;1410;2640;5150;7530;10150	0.13301372053967395;0.17010975047612895;0.18896723946512656;0.2081436929582081;0.22936760798545314;0.22543411451148426	nearby KRE6	chr16	859836	Experiment		edge_plots/AAAAGAAAAATGTAT.png
AAAAGCGACATTTCT	-0.020739270240213617	-0.017373851177672633	-0.029591030435146132	-0.015183428521698059	-0.011186178014046614	-0.03167054954682121	-0.011545247567587631	-0.0101188569349375	-0.016468719660181687	-0.006135547547600984	-0.01995620238981945	-0.005035983233990209	-0.0039952168743447305	-0.010575863634119921	0.0007152517428269344	-0.0015818498055223177	-0.002342573187887108	0.0020112106159719152	-0.020739270240213617;-0.015183428521698059;-0.011545247567587631;-0.006135547547600984;-0.0039952168743447305;-0.0015818498055223177	70;1410;2640;5150;7530;10150	0.13301372053967395;0.17010975047612895;0.18896723946512656;0.2081436929582081;0.22936760798545314;0.22543411451148426	in EAF1	chr04	1192480	Experiment	Component of the NuA4 histone acetyltransferase complex	edge_plots/AAAAGCGACATTTCT.png
AATGATACCATTTTT	-0.07670167342258695	-0.09204004424611284	-0.0635594657350419	-0.05143881074811897	-0.05143881074811897		-0.09429304168185887	-0.08890048813745416	-0.09839882943573416	-0.09711834573907543	-0.09848020956419648	-0.0968071404882093	-0.12630606399593894	-0.06584519732971869	-0.1386574603568303	-0.06339026959216462	-0.0631866668159155	-0.06479966481518504	-0.07670167342258695;-0.05143881074811897;-0.09429304168185887;-0.09711834573907543;-0.12630606399593894;-0.06339026959216462	70;1410;2640;5150;7530;10150	0.13301372053967395;0.17010975047612895;0.18896723946512656;0.2081436929582081;0.22936760798545314;0.22543411451148426	in VPS38	chr12	846423	Experiment	Part of a Vps34p phosphatidylinositol 3-kinase complex	edge_plots/AATGATACCATTTTT.png
ACAACCTACCTGCTA	0.0004942844995389781	0.001086066477495288	0.0002574693053431417	0.0009789281604971364	0.001162926496497858	0.0005775462071319991	-0.00023430899765541742	0.0005647729277076335	-0.0011426993296661018	1.5649474695091674e-05	-0.004644782441306178	0.0017296053455861193	0.002790216032272677	0.0016641020415432085	0.006805955636411377	0.0007274949576864041	0.004365889396088936	-0.014644695017075894	0.0004942844995389781;0.0009789281604971364;-0.00023430899765541742;1.5649474695091674e-05;0.002790216032272677;0.0007274949576864041	70;1410;2640;5150;7530;10150	0.13301372053967395;0.17010975047612895;0.18896723946512656;0.2081436929582081;0.22936760798545314;0.22543411451148426	nearby MET2	chr14	117184	Reference		edge_plots/ACAACCTACCTGCTA.png
ACAAGTTTTACAGTT	-0.02115900946085561	-0.021564615225911084	-0.021020187477255498	-0.025553710982061082	-0.023308350866629225	-0.027066027978222846	-0.013452042386583036	-0.012670846947578354	-0.01529225848118496	-0.028201873024227997	-0.028612868194705345	-0.02758815513945001	-0.026152060820945598	-0.03355462445008705	-0.022896678968300124	-0.02719078465928992	-0.037822244314044205	-0.022986412464906944	-0.02115900946085561;-0.025553710982061082;-0.013452042386583036;-0.028201873024227997;-0.026152060820945598;-0.02719078465928992	70;1410;2640;5150;7530;10150	0.13301372053967395;0.17010975047612895;0.18896723946512656;0.2081436929582081;0.22936760798545314;0.22543411451148426	in FUN30	chr01	115761	Experiment	Snf2p family member with ATP-dependent chromatin remodeling activity	edge_plots/ACAAGTTTTACAGTT.png
ACAGGGCAGCTCCCG	-0.04976552570959241	-0.04686753973426728	-0.05227231083720703	-0.059460867881509616	-0.04843876538746719	-0.07656193878542393	-0.0645476993801154	-0.0787264286137722	-0.05269691853876969	-0.10331771047089862	-0.07164661371127283	-0.10840107764048576	-0.05437762607068748	-0.045858470750668165	-0.07063139736308295	-0.028983603677124107	-0.033069512871806685	-0.0047128966432275965	-0.04976552570959241;-0.059460867881509616;-0.0645476993801154;-0.10331771047089862;-0.05437762607068748;-0.028983603677124107	70;1410;2640;5150;7530;10150	0.13301372053967395;0.17010975047612895;0.18896723946512656;0.2081436929582081;0.22936760798545314;0.22543411451148426	in TRM9	chr13	243668	Experiment	tRNA methyltransferase	edge_plots/ACAGGGCAGCTCCCG.png
ACAGTTGACGGACAG	0.002735145583114348	0.0028121116950257144	0.0025231036505611623	0.0033145601091619267	0.004743117152286478	0.0014049616119233136	0.00514651391341016	0.005869684479619593	0.0043414855763336145	-0.005241486360006498	-0.006238893959584247	-0.00440989714828873	0.0021109611797625826	-0.006200183101254262	0.004375951062852245	-0.009181860375450702	0.003486805490504516	-0.031967892875111745	0.002735145583114348;0.0033145601091619267;0.00514651391341016;-0.005241486360006498;0.0021109611797625826;-0.009181860375450702	70;1410;2640;5150;7530;10150	0.13301372053967395;0.17010975047612895;0.18896723946512656;0.2081436929582081;0.22936760798545314;0.22543411451148426	nearby MET4	chr14	427664	Experiment		edge_plots/ACAGTTGACGGACAG.png
ACCACCGGTCCTGCC	0.0023934351105718865	-0.0029663540754349647	0.0035792480507089437	0.0012417798207083018	0.0013651190034319476	0.0011117539191359863	0.0015633257668578894	0.00016108413781716968	0.0019895517078787712	-0.01306850126191327	-0.010852887308354459	-0.017802985615462442	-0.007899115360128552	-0.012685804010461429	0.0011420218546991994	-0.01106794044301914	-0.003881185223197584	-0.037567176851539034	0.0023934351105718865;0.0012417798207083018;0.0015633257668578894;-0.01306850126191327;-0.007899115360128552;-0.01106794044301914	70;1410;2640;5150;7530;10150	0.13301372053967395;0.17010975047612895;0.18896723946512656;0.2081436929582081;0.22936760798545314;0.22543411451148426	nearby UTP22	chr07	661953	Experiment		edge_plots/ACCACCGGTCCTGCC.png
AGAACATCATCTACA	-0.09310221871316306	-0.11241648242272684	-0.08103152614534699	-0.08458926930485038	-0.0914402984249506	-0.0826191191049292	-0.08873143150884348	-0.08946118154461029	-0.08851869423981985	-0.0919162933788812	-0.12409924028047592	-0.08222238784188964	-0.07139274007393379	-0.03961979409229942	-0.07635828012873691	-0.06670200075873993	-0.06332263835308867	-0.07858913981794627	-0.09310221871316306;-0.08458926930485038;-0.08873143150884348;-0.0919162933788812;-0.07139274007393379;-0.06670200075873993	70;1410;2640;5150;7530;10150	0.13301372053967395;0.17010975047612895;0.18896723946512656;0.2081436929582081;0.22936760798545314;0.22543411451148426	in DPB4	chr04	693871	Experiment	Subunit of DNA pol epsilon and of ISW2 chromatin accessibility complex	edge_plots/AGAACATCATCTACA.png
AGAAGACGACGATGA	-0.035439171858447416	-0.03740909777512298	-0.034363849362192056	-0.03400728675432426	-0.031179308794804333	-0.040837394565092944	-0.03556714693052615	-0.045065832582461225	-0.033756617476433354	-0.03811305701580248	-0.04241328134189103	-0.036709881957482066	-0.04455882538944307	-0.04684010890803168	-0.04409964362364453	-0.04033713130537192	-0.039330537357657736	-0.04340227674099968	-0.035439171858447416;-0.03400728675432426;-0.03556714693052615;-0.03811305701580248;-0.04455882538944307;-0.04033713130537192	70;1410;2640;5150;7530;10150	0.13301372053967395;0.17010975047612895;0.18896723946512656;0.2081436929582081;0.22936760798545314;0.22543411451148426	in OCA1	chr14	439176	Experiment	Putative protein tyrosine phosphatase	edge_plots/AGAAGACGACGATGA.png
AGATTCATCCCATGG	-0.011662138514340552	-0.015941835016371156	-0.01056868174609297	-0.0035427463506031345	-0.011526659340547559	-0.0002138441138945255	0.000610384042595155	0.0001410593375655567	0.0023623593934273173	-0.002086340460490969	-0.011245670751299331	0.0016250869077795505	0.0011796025996191075	-0.0039383942259326185	0.003218190137915484	-0.0011548741028096386	-0.00662198938067106	0.0021979072511556846	-0.011662138514340552;-0.0035427463506031345;0.000610384042595155;-0.002086340460490969;0.0011796025996191075;-0.0011548741028096386	70;1410;2640;5150;7530;10150	0.13301372053967395;0.17010975047612895;0.18896723946512656;0.2081436929582081;0.22936760798545314;0.22543411451148426	in ADE5,7	chr07	58476	Experiment	Enzyme of the 'de novo' purine nucleotide biosynthetic pathway	edge_plots/AGATTCATCCCATGG.png
AGTGTATGATAATAT	-0.017404371640650798	-0.019719956284946362	-0.01563681723703174	-0.009581233258974906	-0.00930411230388736	-0.010340472541863944	-0.005058264643187294	-0.0019815782963663675	-0.006937634542651079	-0.0054691865957554675	-0.0027154641435232665	-0.008098873443227381	-0.005743318564885793	-0.006486200611665828	-0.0016381725229474965	-0.0067222202106999645	-0.005736520579251309	-0.009867651212701351	-0.017404371640650798;-0.009581233258974906;-0.005058264643187294;-0.0054691865957554675;-0.005743318564885793;-0.0067222202106999645	70;1410;2640;5150;7530;10150	0.13301372053967395;0.17010975047612895;0.18896723946512656;0.2081436929582081;0.22936760798545314;0.22543411451148426	nearby KRI1	chr14	56284	Experiment		edge_plots/AGTGTATGATAATAT.png
AGTGTTAATCAGACC	-0.0007700675297666707	-0.000661235234766709	-0.0008285155583866738	-0.010981912820170059	-0.009237447432919795	-0.01272689056681453	-0.0034475031345607148	-0.005396403370839198	-0.001697211016143952	-0.011820282352979371	-0.0088413558138895	-0.03568966556727355	-0.008493780089544755	-0.004180713008988023	-0.02671971146230496	-0.022858091688483885	-0.022858091688483885		-0.0007700675297666707;-0.010981912820170059;-0.0034475031345607148;-0.011820282352979371;-0.008493780089544755;-0.022858091688483885	70;1410;2640;5150;7530;10150	0.13301372053967395;0.17010975047612895;0.18896723946512656;0.2081436929582081;0.22936760798545314;0.22543411451148426	nearby PAH1	chr13	592732	Experiment		edge_plots/AGTGTTAATCAGACC.png
AGTTTATAAAAAATT	-0.00847231380248311	-0.00936299494031904	-0.007339949174560907	-0.0124300231347493	-0.005410672820965132	-0.025869874811275083	-0.010351776723653415	-0.00842722578903083	-0.02494757989282397	-0.027533134911640538	-0.011308601011866351	-0.035559931091029125	-0.035477464327179915	-0.03449998406900538	-0.03624526353881162	-0.03366999937556395	-0.03415179298680696	-0.01791646756531129	-0.00847231380248311;-0.0124300231347493;-0.010351776723653415;-0.027533134911640538;-0.035477464327179915;-0.03366999937556395	70;1410;2640;5150;7530;10150	0.13301372053967395;0.17010975047612895;0.18896723946512656;0.2081436929582081;0.22936760798545314;0.22543411451148426	nearby CCW12	chr12	369653	Experiment		edge_plots/AGTTTATAAAAAATT.png
ATAATTTTCATCCAC	-0.0692658024156179	-0.07171365483678219	-0.05951718234358196	-0.04707142373758545	-0.05261094148287288	-0.04340370745860341	-0.07788155683069926	-0.1099400508432902	-0.07384105081123589	-0.08651197931494571	-0.10178456022587544	-0.08227903378613961	-0.058947290814973075	-0.04833563101098637	-0.06166383429827772				-0.0692658024156179;-0.04707142373758545;-0.07788155683069926;-0.08651197931494571;-0.058947290814973075	70;1410;2640;5150;7530	0.13301372053967395;0.17010975047612895;0.18896723946512656;0.2081436929582081;0.22936760798545314	in RPL26B	chr07	556242	Experiment	Ribosomal 60S subunit protein L26B	edge_plots/ATAATTTTCATCCAC.png
ATAGAGCGGCGTTGA	-0.023799013651237284	-0.02151741664656896	-0.0263432717316964	-0.02772886421240733	-0.026547782301301292	-0.030979880051852187	-0.0411601501361393	-0.04181874408521021	-0.040387964661253294	-0.07215446722726697	-0.06042091225420095	-0.08430164882674654	-0.06929223704095053	-0.07274239846070069	-0.060292344253809166	-0.07807624698163705	-0.08199027437770211	-0.052410580789178485	-0.023799013651237284;-0.02772886421240733;-0.0411601501361393;-0.07215446722726697;-0.06929223704095053;-0.07807624698163705	70;1410;2640;5150;7530;10150	0.13301372053967395;0.17010975047612895;0.18896723946512656;0.2081436929582081;0.22936760798545314;0.22543411451148426	in GPP1	chr09	255163	Experiment	Constitutively expressed DL-glycerol-3-phosphate phosphatase	edge_plots/ATAGAGCGGCGTTGA.png
ATATTGAGTAAGTAC	-0.022135091604989183	-0.020289546131855636	-0.02331513782725561	-0.04824426864092673	-0.04407858212317352	-0.05222122226383992	-0.04871388257936842	-0.04900167312429863	-0.04857377428224639	-0.0633947632162301	-0.06028851600422613	-0.06501254216564148	-0.059161709019047465	-0.06179527386700824	-0.056207775920929785	-0.03861730312250404	-0.03861730312250404		-0.022135091604989183;-0.04824426864092673;-0.04871388257936842;-0.0633947632162301;-0.059161709019047465;-0.03861730312250404	70;1410;2640;5150;7530;10150	0.13301372053967395;0.17010975047612895;0.18896723946512656;0.2081436929582081;0.22936760798545314;0.22543411451148426	nearby YLR264C-A	chr12	673959	Experiment		edge_plots/ATATTGAGTAAGTAC.png
ATCGTTGGCATTTGG	-0.07574898350811406	-0.07535664140086684	-0.07695143911182786	-0.05920273237249134	-0.049018081577566736	-0.06423030219355197	-0.05468337713347147	-0.05367675381410127	-0.05652414537285819	-0.08190722311077847	-0.09844491063875382	-0.06884873648558769	-0.08548914247145653	-0.07515381820703325	-0.08823198128887548	-0.0956444800724316	-0.09639282670073802	-0.06790029645617895	-0.07574898350811406;-0.05920273237249134;-0.05468337713347147;-0.08190722311077847;-0.08548914247145653;-0.0956444800724316	70;1410;2640;5150;7530;10150	0.13301372053967395;0.17010975047612895;0.18896723946512656;0.2081436929582081;0.22936760798545314;0.22543411451148426	in OXA1	chr05	475172	Experiment	Mitochondrial inner membrane insertase	edge_plots/ATCGTTGGCATTTGG.png
ATGAAGTTCATAATG	-0.001548984501422124	-0.001548984501422124		-0.015047499116075447	-0.015047499116075447					-0.00262101312681795	-0.00011001785461027884	-0.0032102782025809897							-0.001548984501422124;-0.015047499116075447;-0.00262101312681795	70;1410;5150	0.13301372053967395;0.17010975047612895;0.2081436929582081	nearby SNF7	chr12	195255	Experiment		edge_plots/ATGAAGTTCATAATG.png
ATGGCGATGGTCTTG	-0.009211375241835844	-0.012430247929110938	-0.007580268782086386	-0.0025455002081159503	-0.0067124468736765325	0.0004377189992488441	-0.00015265721754525056	0.0006637567497963621	-0.01800350990304674	-0.016878988107042553	-0.008001594241467673	-0.024362061570945583	-0.012624638103165949	-0.03440682630923795	0.005085724798095831	-0.0002548925775247579	-0.012837321264250377	0.0009684873275827244	-0.009211375241835844;-0.0025455002081159503;-0.00015265721754525056;-0.016878988107042553;-0.012624638103165949;-0.0002548925775247579	70;1410;2640;5150;7530;10150	0.13301372053967395;0.17010975047612895;0.18896723946512656;0.2081436929582081;0.22936760798545314;0.22543411451148426	in CSR1	chr12	878667	Experiment	Phosphatidylinositol transfer protein	edge_plots/ATGGCGATGGTCTTG.png
ATTAATACTTTGCAG	-0.0939042403180209	-0.1069449459701256	-0.05481847802449906	-0.054567764002728544	-0.05398792881206815	-0.05703262562930295										-0.1254786058492777	-0.12037365654972525	-0.15096950066065026	-0.0939042403180209;-0.054567764002728544;-0.1254786058492777	70;1410;10150	0.13301372053967395;0.17010975047612895;0.22543411451148426	in UBP3	chr05	470562	Experiment	Ubiquitin-specific protease involved in transport and osmotic response	edge_plots/ATTAATACTTTGCAG.png
ATTATCAAGTGCCAG	-0.026829166410647413	-0.021641819410706743	-0.030095867048390436	-0.02490242450271556	-0.020897751397262163	-0.02624010314124833	-0.019211410703809814	-0.01923654255969844	-0.01919382914591074	-0.020742547592914398	-0.02981255344466025	-0.016178398654600794	-0.08514008291820635	-0.08277779713975386	-0.09725902201886134	-0.04958175758958585	-0.0553492547874256	-0.046247507951277085	-0.026829166410647413;-0.02490242450271556;-0.019211410703809814;-0.020742547592914398;-0.08514008291820635;-0.04958175758958585	70;1410;2640;5150;7530;10150	0.13301372053967395;0.17010975047612895;0.18896723946512656;0.2081436929582081;0.22936760798545314;0.22543411451148426	in CPR6	chr12	572679	Experiment	Peptidyl-prolyl cis-trans isomerase (cyclophilin)	edge_plots/ATTATCAAGTGCCAG.png
ATTATCATCGCCATC	-0.08927800569640088	-0.1218283372076916	-0.04437082163128468	-0.13904099712272472	-0.14616445319614735	-0.09984142554595912	-0.10692422786070754	-0.07148196129194444	-0.11582195776096177	-0.0619432619150086	-0.041112997819106135	-0.06641353415059198							-0.08927800569640088;-0.13904099712272472;-0.10692422786070754;-0.0619432619150086	70;1410;2640;5150	0.13301372053967395;0.17010975047612895;0.18896723946512656;0.2081436929582081	in PIH1	chr08	177367	Experiment	Component of the conserved R2TP complex (Rvb1-Rvb2-Tah1-Pih1)	edge_plots/ATTATCATCGCCATC.png
CAAGGATCCCCGTAG	-0.050123917960620365	-0.0478764184825131	-0.05314904677419762	-0.06520814287890404	-0.0690964483384667	-0.06221877494609983	-0.06433990531700506	-0.06397684069367207	-0.06460717919238186	-0.04729644846675247	-0.048614472265418034	-0.04645026285329892	-0.03312576108011	-0.03183681633860897	-0.039130117730459615	-0.04862357311398535	-0.052592457888254576	-0.029873744651479368	-0.050123917960620365;-0.06520814287890404;-0.06433990531700506;-0.04729644846675247;-0.03312576108011;-0.04862357311398535	70;1410;2640;5150;7530;10150	0.13301372053967395;0.17010975047612895;0.18896723946512656;0.2081436929582081;0.22936760798545314;0.22543411451148426	in BUL1	chr13	818356	Experiment	Ubiquitin-binding component of the Rsp5p E3-ubiquitin ligase complex	edge_plots/CAAGGATCCCCGTAG.png
CAAGTTCGGCGAAAT	-0.06976870339981855	-0.0724021815812015	-0.044940838798886065	-0.08035456193354511	-0.07976276837792662	-0.08484435311837278	-0.11449632503701875	-0.11453614326112105	-0.1144398327549754	-0.13456841969417427	-0.11289371208112027	-0.136170318796691	-0.15507632707308078	-0.14696267019871326	-0.17211631132889993	-0.09298564826565298	-0.09298564826565298		-0.06976870339981855;-0.08035456193354511;-0.11449632503701875;-0.13456841969417427;-0.15507632707308078;-0.09298564826565298	70;1410;2640;5150;7530;10150	0.13301372053967395;0.17010975047612895;0.18896723946512656;0.2081436929582081;0.22936760798545314;0.22543411451148426	in PHO4	chr06	225566	Experiment	Basic helix-loop-helix (bHLH) transcription factor of the myc-family	edge_plots/CAAGTTCGGCGAAAT.png
CAATCTTGAATTGAT	-0.0198371505742029	-0.0168887938139461	-0.020242069668547042	-0.02349601860405961	-0.0217786641454906	-0.028651044858470687	-0.014789728859361669	-0.025139763995108838	-0.008994667563675228	-0.012578415027964815	-0.019969695941882158	-0.01126368092923411	-0.014007143119617592	-0.020552390923668173	-0.010538274075057252	-0.024201776767963788	-0.025614425532979428	-0.014747360143422391	-0.0198371505742029;-0.02349601860405961;-0.014789728859361669;-0.012578415027964815;-0.014007143119617592;-0.024201776767963788	70;1410;2640;5150;7530;10150	0.13301372053967395;0.17010975047612895;0.18896723946512656;0.2081436929582081;0.22936760798545314;0.22543411451148426	in RPL31B	chr12	931374	Experiment	Ribosomal 60S subunit protein L31B	edge_plots/CAATCTTGAATTGAT.png
CAATTTCAACGTTGT	-0.06365479447372116	-0.0616217582824809	-0.06409006318617119	-0.06309502382187876	-0.06956719090789687	-0.0585323405541354	-0.06924550955893116	-0.1149218167754024	-0.06692350027013956	-0.08609693467100955	-0.07061393590721089	-0.1212393118903225	-0.06567238676158144	-0.11963281918543266	-0.06304878945806063	-0.06846401468925284	-0.06846401468925284		-0.06365479447372116;-0.06309502382187876;-0.06924550955893116;-0.08609693467100955;-0.06567238676158144;-0.06846401468925284	70;1410;2640;5150;7530;10150	0.13301372053967395;0.17010975047612895;0.18896723946512656;0.2081436929582081;0.22936760798545314;0.22543411451148426	in SPT8	chr12	251466	Experiment	Subunit of the SAGA transcriptional regulatory complex	edge_plots/CAATTTCAACGTTGT.png
CATATGCATTCCTTG	-0.01698727787988841	-0.01870834592600228	-0.016569536922311112	-0.025174552145704368	-0.025101410056397933	-0.025263184329892732	-0.028184413064699168	-0.02736978620286648	-0.03192373757333526	-0.03173821207401924	-0.031958040011485764	-0.031525692990940685	-0.029370275057234142	-0.04815335669841948	-0.0262253255241792	-0.025826396599259924	-0.023842659320547844	-0.02685263697072789	-0.01698727787988841;-0.025174552145704368;-0.028184413064699168;-0.03173821207401924;-0.029370275057234142;-0.025826396599259924	70;1410;2640;5150;7530;10150	0.13301372053967395;0.17010975047612895;0.18896723946512656;0.2081436929582081;0.22936760798545314;0.22543411451148426	in MAC1	chr13	317448	Experiment	Copper-sensing transcription factor	edge_plots/CATATGCATTCCTTG.png
CATCAATGAGGCAGT	-0.12570484870166193	-0.13218121744749167	-0.11457909038226236	-0.1471595357710216	-0.1497073528841022	-0.13735813580755735	-0.1650935443098417	-0.16746823026771418	-0.16155559300554365	-0.151372157396694	-0.15862205036510155	-0.14733506282036074	-0.1599649808182834	-0.15797650215201792	-0.16203922046233785	-0.1405108013034973	-0.12650501063812808	-0.1907746093007027	-0.12570484870166193;-0.1471595357710216;-0.1650935443098417;-0.151372157396694;-0.1599649808182834;-0.1405108013034973	70;1410;2640;5150;7530;10150	0.13301372053967395;0.17010975047612895;0.18896723946512656;0.2081436929582081;0.22936760798545314;0.22543411451148426	nearby YOL085W-A	chr15	161115	Experiment		edge_plots/CATCAATGAGGCAGT.png
CATTGTCGGACGCTT	-0.013976744951441343	-0.004432987975753025	-0.01590273803267348	-0.051960085681126617	-0.046856999248523136	-0.054819415607588386	-0.06335669587200349	-0.06435269149277167	-0.06319015771075971										-0.013976744951441343;-0.051960085681126617;-0.06335669587200349	70;1410;2640	0.13301372053967395;0.17010975047612895;0.18896723946512656	in GPA2	chr05	195499	Experiment	Nucleotide binding alpha subunit of the heterotrimeric G protein	edge_plots/CATTGTCGGACGCTT.png
CATTTATGGCTATCT	-0.031732511148018866	-0.03325808365977235	-0.024161716966318136	-0.030648236223756564	-0.03900637140837845	-0.019675673475451582	-0.03671199078202776	-0.030814885065588264	-0.039450783795290975	-0.05768120988019927	-0.06609443453344997	-0.05387834130493429	-0.036024778935307866	-0.035407019115622496	-0.05852906680327286	-0.0290400532490074	-0.0290400532490074		-0.031732511148018866;-0.030648236223756564;-0.03671199078202776;-0.05768120988019927;-0.036024778935307866;-0.0290400532490074	70;1410;2640;5150;7530;10150	0.13301372053967395;0.17010975047612895;0.18896723946512656;0.2081436929582081;0.22936760798545314;0.22543411451148426	in VAM6	chr04	317167	Experiment	Guanine nucleotide exchange factor for the GTPase Gtr1p	edge_plots/CATTTATGGCTATCT.png
CCAACACAGGCTTCG	-0.01678781612141812	-0.018037721134143432	-0.016290332469656606	-0.019740617436748032	-0.033046232008733564	-0.013577790618356213	-0.018699358009503963	-0.02549382874994118	-0.0163416313587162	-0.018022479271914003	-0.06076471647207848	-0.017394589891437058	-0.026668646753608475	-0.029103484468104318	-0.0223793277566496	-0.029917707393309005	-0.04114955056829665	-0.0005835577788884765	-0.01678781612141812;-0.019740617436748032;-0.018699358009503963;-0.018022479271914003;-0.026668646753608475;-0.029917707393309005	70;1410;2640;5150;7530;10150	0.13301372053967395;0.17010975047612895;0.18896723946512656;0.2081436929582081;0.22936760798545314;0.22543411451148426	in NOP16	chr05	157055	Experiment	Constituent of 66S pre-ribosomal particles	edge_plots/CCAACACAGGCTTCG.png
CCAAGACCGTGTAAA	-0.08923981781695435	-0.08474937418437258	-0.09819296372080463	-0.09211171769077038	-0.07260436692424774	-0.0937951898181252	-0.061880879128931365	-0.05605833568370479	-0.07237895861657961	-0.08010256888031543	-0.07340414118860464	-0.08098711665379972				-0.044028562704882736	-0.04290689777266685	-0.04930267821342845	-0.08923981781695435;-0.09211171769077038;-0.061880879128931365;-0.08010256888031543;-0.044028562704882736	70;1410;2640;5150;10150	0.13301372053967395;0.17010975047612895;0.18896723946512656;0.2081436929582081;0.22543411451148426	in MCK1	chr14	57098	Experiment	Dual-specificity ser/thr and tyrosine protein kinase	edge_plots/CCAAGACCGTGTAAA.png
CCAGGATGTACCGCC	-0.017696551821198662	-0.014839575721403726	-0.025152371186470724	-0.016927755135972233	-0.013007935916225488	-0.025424181014353148	-0.010926417637250344	-0.008885941368711755	-0.016804675745863126	-0.011205849408957351	-0.00974876712598522	-0.015961968145052113	-0.010959520328140031	-0.010959520328140031		-0.013227536843056529	-0.014175780295841418	-0.007038841667193439	-0.017696551821198662;-0.016927755135972233;-0.010926417637250344;-0.011205849408957351;-0.010959520328140031;-0.013227536843056529	70;1410;2640;5150;7530;10150	0.13301372053967395;0.17010975047612895;0.18896723946512656;0.2081436929582081;0.22936760798545314;0.22543411451148426	in SSK1	chr12	163045	Experiment	Cytoplasmic phosphorelay intermediate osmosensor and regulator	edge_plots/CCAGGATGTACCGCC.png
CCGTTAGTATCGCTA	-0.04118649224319619	-0.06525903466778518	-0.040506186341744826	-0.035328427013882266	-0.03183107592385979	-0.04398894972568482	-0.0513835428096562	-0.04808836666221683	-0.07407512080044201	-0.10392091619910468	-0.10674866254795627	-0.10247704842452364	-0.07674538209698913	-0.08853347546673884	-0.056392855823327426				-0.04118649224319619;-0.035328427013882266;-0.0513835428096562;-0.10392091619910468;-0.07674538209698913	70;1410;2640;5150;7530	0.13301372053967395;0.17010975047612895;0.18896723946512656;0.2081436929582081;0.22936760798545314	in SLX5	chr04	429086	Experiment	Subunit of the Slx5-Slx8 SUMO-targeted Ub ligase (STUbL) complex	edge_plots/CCGTTAGTATCGCTA.png
CGAACAGAAACACAA	-0.05091033371945058	-0.06652927950632681	-0.042277073454499714	-0.0954926966021672	-0.09791949618539644	-0.08095891503804574	-0.10071094082843778	-0.01465738956647247	-0.1222456099340978	-0.11736682209125332	-0.13490229149679714	-0.10577912053692663	-0.08136575291980104	-0.07310690949844746	-0.13870686705643473				-0.05091033371945058;-0.0954926966021672;-0.10071094082843778;-0.11736682209125332;-0.08136575291980104	70;1410;2640;5150;7530	0.13301372053967395;0.17010975047612895;0.18896723946512656;0.2081436929582081;0.22936760798545314	nearby NUP188	chr13	67611	Experiment		edge_plots/CGAACAGAAACACAA.png
CGAATGCCATACAAA	-0.004831968887589351	-0.002541542962500362	-0.0051103410489614825	-0.0022710120382450913	-0.0012913242321589556	-0.01376279176014503	-0.02248837011575461	-0.01574958919632844	-0.023434755964484258	-0.03222417818560445	-0.020013291612598967	-0.037596615311522814	-0.002315881067481657	0.002900260662373566	-0.00326633307586627	-0.0012510232328308715	-0.0415026274728292	-0.000615438908723309	-0.004831968887589351;-0.0022710120382450913;-0.02248837011575461;-0.03222417818560445;-0.002315881067481657;-0.0012510232328308715	70;1410;2640;5150;7530;10150	0.13301372053967395;0.17010975047612895;0.18896723946512656;0.2081436929582081;0.22936760798545314;0.22543411451148426	in SIR4	chr04	918409	Experiment	SIR protein involved in assembly of silent chromatin domains	edge_plots/CGAATGCCATACAAA.png
CGATGATGATGATGA	0.00014532740885286202	-0.00012955334962692818	0.0003437882835280103	-0.0006069002940677347	7.637000215296725e-05	-0.0007323592757768452	-0.000939357824141515	-0.002621727738017147	0.0006493297285884812	0.003696318443059085	0.0029371798541336573	0.0041323675550487115	-0.0011206542758991694	-0.0017435252326706116	0.0017074958106072598	-0.004512836768051904	-0.005769966946298605	-0.0041601017139409145	0.00014532740885286202;-0.0006069002940677347;-0.000939357824141515;0.003696318443059085;-0.0011206542758991694;-0.004512836768051904	70;1410;2640;5150;7530;10150	0.13301372053967395;0.17010975047612895;0.18896723946512656;0.2081436929582081;0.22936760798545314;0.22543411451148426	nearby FIT2	chr15	1060169	Reference		edge_plots/CGATGATGATGATGA.png
CGCGATCAATCCTCT	-0.12464901355300495	-0.1355230478594483	-0.07342144172007102	-0.09860901065714682	-0.11784995046738395	-0.08212457151938105	-0.10074776181727453	-0.08151315763119192	-0.13526484978440792	-0.1075868879107982	-0.1143603681529678	-0.0864377087908423				-0.09276460826436808	-0.09276460826436808		-0.12464901355300495;-0.09860901065714682;-0.10074776181727453;-0.1075868879107982;-0.09276460826436808	70;1410;2640;5150;10150	0.13301372053967395;0.17010975047612895;0.18896723946512656;0.2081436929582081;0.22543411451148426	in MSL1	chr09	374564	Experiment	U2B component of U2 snRNP	edge_plots/CGCGATCAATCCTCT.png
CGTCAAGACCTTCTA	-0.04801225548944054	-0.042420027738367415	-0.05668060638779144	-0.035897366095169414	-0.03217799417610165	-0.03893944781625031	-0.05698903376314954	-0.050336043287592266	-0.06319146652414037	-0.05855123745853472	-0.022902299717484188	-0.06816587317617583	-0.02936388850228896	-0.05131194990037317	-0.021471819820558933	-0.06698794324843134	-0.061851422621720074	-0.09254670755888146	-0.04801225548944054;-0.035897366095169414;-0.05698903376314954;-0.05855123745853472;-0.02936388850228896;-0.06698794324843134	70;1410;2640;5150;7530;10150	0.13301372053967395;0.17010975047612895;0.18896723946512656;0.2081436929582081;0.22936760798545314;0.22543411451148426	in UME6	chr04	866159	Experiment	Rpd3L histone deacetylase complex subunit	edge_plots/CGTCAAGACCTTCTA.png
CTAAGCAGTCTTCTC	-0.003237795069676425	-0.005412668841637054	-0.0027308257141389148	-0.013959551854422795	-0.014266445334220513	-0.013926342256181796	-0.012613071493892687	-0.01163738411345898	-0.018129461924458547	-0.016780828414860827	-0.015870645016845184	-0.01982966641346968	-0.01562793457507782	-0.015747433215719316	-0.0155571522446316	-0.02829226128658325	-0.027097822435538748	-0.04106458447588997	-0.003237795069676425;-0.013959551854422795;-0.012613071493892687;-0.016780828414860827;-0.01562793457507782;-0.02829226128658325	70;1410;2640;5150;7530;10150	0.13301372053967395;0.17010975047612895;0.18896723946512656;0.2081436929582081;0.22936760798545314;0.22543411451148426	in LAT1	chr14	492169	Experiment	Dihydrolipoamide acetyltransferase component (E2) of the PDC	edge_plots/CTAAGCAGTCTTCTC.png
CTAAGTGTGAAGGAG	-0.02233586892042815	-0.026367892350817417	-0.021548871427642016	-0.0180283753014808	-0.04260551516040628	-0.005723412012347272	-0.033493827056153884	-0.04711261708635992	-0.02893941017282825										-0.02233586892042815;-0.0180283753014808;-0.033493827056153884	70;1410;2640	0.13301372053967395;0.17010975047612895;0.18896723946512656	nearby WHI2	chr15	410797	Extra_control		edge_plots/CTAAGTGTGAAGGAG.png
CTACTTACAACGGAA	-0.002654594668921948	-0.007971079839097664	-0.0014741186771364994	-0.0032301262466138576	-0.00356094146887199	-0.0027458914592687713	-0.006534625822602232	-0.004546024805841414	-0.009076665999200413	-0.0022063730886470647	0.0006361902237546919	-0.005770545956192126	-0.006316798413561354	-0.006129026314636214	-0.006422269178991658	-0.02648257100324993	-0.004900567480044728	-0.17214696520675246	-0.002654594668921948;-0.0032301262466138576;-0.006534625822602232;-0.0022063730886470647;-0.006316798413561354;-0.02648257100324993	70;1410;2640;5150;7530;10150	0.13301372053967395;0.17010975047612895;0.18896723946512656;0.2081436929582081;0.22936760798545314;0.22543411451148426	in KAP123	chr05	378817	Experiment	Karyopherin beta	edge_plots/CTACTTACAACGGAA.png
CTAGTTGTATAGCCA	-0.11669278648788828	-0.11696817767529352	-0.11585327712053425	-0.1223337463705645	-0.150618040239328	-0.09162609223810214	-0.10156769496667	-0.07767739746945773	-0.12129283948357344										-0.11669278648788828;-0.1223337463705645;-0.10156769496667	70;1410;2640	0.13301372053967395;0.17010975047612895;0.18896723946512656	in RRP46	chr07	675682	Experiment	Exosome non-catalytic core component	edge_plots/CTAGTTGTATAGCCA.png
CTATCAAGGCTTAAT	-0.0712031126595391	-0.07810648913264484	-0.07015175326012843	-0.06422987050471105	-0.06321669400209877	-0.06847827183678339	-0.06456117918693945	-0.07653685994334701	-0.057128786199297	-0.05855198756115005	-0.06373982310032915	-0.051842114713779454	-0.052396628434156524	-0.09629693063428084	-0.037319301455436604	-0.08543479678846645	-0.08543479678846645		-0.0712031126595391;-0.06422987050471105;-0.06456117918693945;-0.05855198756115005;-0.052396628434156524;-0.08543479678846645	70;1410;2640;5150;7530;10150	0.13301372053967395;0.17010975047612895;0.18896723946512656;0.2081436929582081;0.22936760798545314;0.22543411451148426	in RPL35B	chr04	218354	Experiment	Ribosomal 60S subunit protein L35B	edge_plots/CTATCAAGGCTTAAT.png
CTATGCATTTACTCA	-0.0522953089845091	-0.0571481409563352	-0.05205736364639789	-0.07834691763919302	-0.05921679762447842	-0.135664005830919													-0.0522953089845091;-0.07834691763919302	70;1410	0.13301372053967395;0.17010975047612895	in GET2	chr05	326495	Experiment	Subunit of the GET complex	edge_plots/CTATGCATTTACTCA.png
CTCGCTAATACTCCT	0.0010671849905567602	-0.001993693296616689	0.0017403092226583225	-0.0013313951504222456	-0.0006217051746991749	-0.0024847231077940114	-0.004087653480345943	-0.0032430260464702586	-0.004578438724368403	0.000371132032183054	0.0009977471906507398	9.159261498855632e-05	0.0006949981562895112	-0.003333404789576195	0.004512818246173464	0.0036561369678078993	0.005674711867430917	-0.011122161224350169	0.0010671849905567602;-0.0013313951504222456;-0.004087653480345943;0.000371132032183054;0.0006949981562895112;0.0036561369678078993	70;1410;2640;5150;7530;10150	0.13301372053967395;0.17010975047612895;0.18896723946512656;0.2081436929582081;0.22936760798545314;0.22543411451148426	in RGS2	chr15	521604	Experiment	Negative regulator of glucose-induced cAMP signaling	edge_plots/CTCGCTAATACTCCT.png
CTCTTGAGAATACTT	-0.0766122831855328	-0.0797627467777559	-0.07042496905761275	-0.05523774105039533	-0.04893228142629304	-0.06612553151299883	-0.06364414975113128	-0.08462255548161833	-0.04997965121989016	-0.1067017047433935	-0.09596329042191816	-0.1598627224615555	-0.10570076938453236	-0.10247625777162504	-0.11315383747105255	-0.0991369309511374	-0.11518530671277748	-0.0867813218014265	-0.0766122831855328;-0.05523774105039533;-0.06364414975113128;-0.1067017047433935;-0.10570076938453236;-0.0991369309511374	70;1410;2640;5150;7530;10150	0.13301372053967395;0.17010975047612895;0.18896723946512656;0.2081436929582081;0.22936760798545314;0.22543411451148426	in SLX8	chr05	395988	Experiment	Subunit of Slx5-Slx8 SUMO-targeted ubiquitin ligase (STUbL) complex	edge_plots/CTCTTGAGAATACTT.png
CTGATTTGTGCTGTC	-0.0006724846609459082	0.002089652655608043	-0.001605540858716298	0.012205243052287188	-0.0023608777192299212	0.013711716543180064	0.005325849028663679	0.0036198332070092928	0.006589052001325928				-0.011546161192728884	-0.0119810229566347	0.0031118797886214964				-0.0006724846609459082;0.012205243052287188;0.005325849028663679;-0.011546161192728884	70;1410;2640;7530	0.13301372053967395;0.17010975047612895;0.18896723946512656;0.22936760798545314	in YOR139C	chr15	586953	Extra_control	Dubious open reading frame	edge_plots/CTGATTTGTGCTGTC.png
CTTGATCAATCAAAA	-0.025722046838592225	-0.023825505832697384	-0.026324317072272632	-0.020133696954706896	-0.021411808001761682	-0.01934211757448353	-0.02402953963931713	-0.021741171704975925	-0.02474514211383166	-0.02540045993558304	-0.0201754493417167	-0.039780488740851036	-0.0204688163972692	-0.020740835196641223	-0.02027203624443325	-0.03856956491691494	-0.04597104971680045	-0.032388010427113034	-0.025722046838592225;-0.020133696954706896;-0.02402953963931713;-0.02540045993558304;-0.0204688163972692;-0.03856956491691494	70;1410;2640;5150;7530;10150	0.13301372053967395;0.17010975047612895;0.18896723946512656;0.2081436929582081;0.22936760798545314;0.22543411451148426	in PPM1	chr04	1333471	Experiment	Carboxyl methyltransferase	edge_plots/CTTGATCAATCAAAA.png
CTTGCAAGTGTAATT	-0.022295060530959445	-0.023971926043477063	-0.021842878071514703	-0.02262276758840836	-0.02431160236088275	-0.02181358367573677	-0.027288049407654932	-0.02493457873318377	-0.04266471014461542	-0.0647922823865297	-0.06468941684284335	-0.06498922341023759	-0.07720700296290386	-0.07684436040634111	-0.08226953386440783	-0.04900513194051562	-0.10911607940973406	-0.04478831853332931	-0.022295060530959445;-0.02262276758840836;-0.027288049407654932;-0.0647922823865297;-0.07720700296290386;-0.04900513194051562	70;1410;2640;5150;7530;10150	0.13301372053967395;0.17010975047612895;0.18896723946512656;0.2081436929582081;0.22936760798545314;0.22543411451148426	nearby OST4	chr04	38452	Experiment		edge_plots/CTTGCAAGTGTAATT.png
GAACTCAGGTTCCAT	-0.020875161652119896	-0.022611274963993584	-0.018595534383861176	-0.02084858907366969	-0.0184984642754172	-0.08120014244499267	-0.016923265605657937	-0.021506473162432874	-0.015627536559927883	-0.03296651946905202	-0.04622853356094074	-0.02822311290124788	-0.013303274330111057	-0.0121042935515658	-0.01953189656941983	-0.04700964265104363	-0.04700964265104363		-0.020875161652119896;-0.02084858907366969;-0.016923265605657937;-0.03296651946905202;-0.013303274330111057;-0.04700964265104363	70;1410;2640;5150;7530;10150	0.13301372053967395;0.17010975047612895;0.18896723946512656;0.2081436929582081;0.22936760798545314;0.22543411451148426	in MME1	chr13	594451	Experiment	Transporter of the mitochondrial inner membrane that exports magnesium	edge_plots/GAACTCAGGTTCCAT.png
GAGAATGAAGGACAG	-0.011725475786957635	-0.016970515800913726	-0.009227129382220868	-0.00255009520617555	-0.0021750307161024288	-0.0030938872816268057	-0.009349878707147874	-0.0077281285538394985	-0.011894859804606923	-0.014352091607106666	-0.015011853097359569	-0.013939589469756923	-0.02076249719521239	-0.03155143066418885	-0.015240535890820002	-0.023696137205968897	-0.02840139269762918	-0.013819709899265708	-0.011725475786957635;-0.00255009520617555;-0.009349878707147874;-0.014352091607106666;-0.02076249719521239;-0.023696137205968897	70;1410;2640;5150;7530;10150	0.13301372053967395;0.17010975047612895;0.18896723946512656;0.2081436929582081;0.22936760798545314;0.22543411451148426	in RSC30	chr08	216621	Experiment	Component of the RSC chromatin remodeling complex	edge_plots/GAGAATGAAGGACAG.png
GAGTGCTTCAAAGTT	-0.015554304148879481	-0.01402107431369773	-0.015864314184054214	-0.014883413520409016	-0.013266838753457369	-0.016177607016419234	-0.014485779093647053	-0.01487308102777646	-0.014123473076536474	-0.017677773586371924	-0.017248662256236048	-0.018486654781780937	-0.007623259031222527	-0.013135250769686295	-0.006018710201858547	-0.010132039384544845	-0.011862333843263654	-0.005151732365050276	-0.015554304148879481;-0.014883413520409016;-0.014485779093647053;-0.017677773586371924;-0.007623259031222527;-0.010132039384544845	70;1410;2640;5150;7530;10150	0.13301372053967395;0.17010975047612895;0.18896723946512656;0.2081436929582081;0.22936760798545314;0.22543411451148426	in RPS14B	chr10	73923	Experiment	Protein component of the small (40S) ribosomal subunit	edge_plots/GAGTGCTTCAAAGTT.png
GCAAGAAAGAAACCC	-0.051617973561287736	-0.04757775902390282	-0.0640070167899755	-0.030810637020922182	-0.0638080895618255	-0.014690223341291869	-0.0499356366498396	-0.0281336142372242	-0.09869089662500016										-0.051617973561287736;-0.030810637020922182;-0.0499356366498396	70;1410;2640	0.13301372053967395;0.17010975047612895;0.18896723946512656	nearby SRP40	chr11	613929	Experiment		edge_plots/GCAAGAAAGAAACCC.png
GCCCTCGAAACCTAT	-0.05892480268708228	-0.05714223277501197	-0.059293924238014675	-0.07842202583956037	-0.07409087832191405	-0.08080872641043349	-0.08248090668541064	-0.08656496294577001	-0.07963367508188726	-0.07733307211558355	-0.07900569316787515	-0.061015806397181224	-0.06798924601814088	-0.13550333306470394	-0.04476188121923128				-0.05892480268708228;-0.07842202583956037;-0.08248090668541064;-0.07733307211558355;-0.06798924601814088	70;1410;2640;5150;7530	0.13301372053967395;0.17010975047612895;0.18896723946512656;0.2081436929582081;0.22936760798545314	in SPT8	chr12	251599	Experiment	Subunit of the SAGA transcriptional regulatory complex	edge_plots/GCCCTCGAAACCTAT.png
GCTGCTTATGAGGAT	4.734791017385729e-05	0.0007759568154645963	-0.001287859888532023	-0.002447758013653606	-0.001435645481442355	-0.004422990710270569	0.001014000559165915	0.0019364452194217175	-0.00036415301895243845	-0.0029484263806203105	-0.0020338752720311824	-0.005512905564021774	-0.019314077936028292	-0.01902799928591555	-0.02058178739240131	0.0037250391137940548	-0.02191069468763733	0.008892740036237589	4.734791017385729e-05;-0.002447758013653606;0.001014000559165915;-0.0029484263806203105;-0.019314077936028292;0.0037250391137940548	70;1410;2640;5150;7530;10150	0.13301372053967395;0.17010975047612895;0.18896723946512656;0.2081436929582081;0.22936760798545314;0.22543411451148426	nearby HO	chr04	48056	Extra_control		edge_plots/GCTGCTTATGAGGAT.png
GGTGGAAGTAGCAGT	-0.07536648948480508	-0.07437109936428299	-0.07927368648630954	-0.09400712951436956	-0.0953392932880002	-0.08372143500116565	-0.0804828173748798	-0.1163740737557216	-0.08024056457894259	-0.1308364325569766	-0.1277011235282655	-0.1361436236173611							-0.07536648948480508;-0.09400712951436956;-0.0804828173748798;-0.1308364325569766	70;1410;2640;5150	0.13301372053967395;0.17010975047612895;0.18896723946512656;0.2081436929582081	in PHO4	chr06	225545	Experiment	Basic helix-loop-helix (bHLH) transcription factor of the myc-family	edge_plots/GGTGGAAGTAGCAGT.png
GGTTGCCCAGAAGTA	-0.005596857511671161	-0.007825394089941186	-0.003835539036385903	-0.017647276916773053	-0.015205786257680569	-0.030440738953400288	-0.01596512465993322	-0.0167766500023754	-0.015873869898925495	-0.02576660672832197	-0.013096516509315556	-0.0619409770433183	-0.017529924955072787	-0.03917685216189101	-0.01674536518347549	-0.016821073465705126	-0.017114960110528956	-0.014798224860867081	-0.005596857511671161;-0.017647276916773053;-0.01596512465993322;-0.02576660672832197;-0.017529924955072787;-0.016821073465705126	70;1410;2640;5150;7530;10150	0.13301372053967395;0.17010975047612895;0.18896723946512656;0.2081436929582081;0.22936760798545314;0.22543411451148426	in UBP1	chr04	242790	Experiment	Ubiquitin-specific protease	edge_plots/GGTTGCCCAGAAGTA.png
GTAATCTGACTCTAG	-0.10785843939397446	-0.12112691742839313	-0.10476338843954963	-0.08920140249582417	-0.06906167961530263	-0.09229429085349494	-0.07552459549827208	-0.11954268197133605	-0.05753881934924076	-0.09911705111422227	-0.14793255370232403	-0.0823363659070516	-0.12374740691338655	-0.12592197284743514	-0.09696331356243727	-0.1032120172453564	-0.0971500664602134	-0.1033027158597044	-0.10785843939397446;-0.08920140249582417;-0.07552459549827208;-0.09911705111422227;-0.12374740691338655;-0.1032120172453564	70;1410;2640;5150;7530;10150	0.13301372053967395;0.17010975047612895;0.18896723946512656;0.2081436929582081;0.22936760798545314;0.22543411451148426	in RPL2A	chr06	220821	Experiment	Ribosomal 60S subunit protein L2A	edge_plots/GTAATCTGACTCTAG.png
GTACAAGAAATTTTG	0.0005883725247659527	-0.005646274512038339	0.007250075088979036	-0.004165909798856375	-0.0029027165247206325	-0.008197871690263344	-0.0009084135942105528	0.0037046226403546	-0.006975331984791487	-0.007276796377429485	-0.00032087084747424124	-0.03407303522606396	-0.007680241259032183	-0.021583300847094433	-0.0021561555155390788	1.1228423698918244e-05	1.1228423698918244e-05		0.0005883725247659527;-0.004165909798856375;-0.0009084135942105528;-0.007276796377429485;-0.007680241259032183;1.1228423698918244e-05	70;1410;2640;5150;7530;10150	0.13301372053967395;0.17010975047612895;0.18896723946512656;0.2081436929582081;0.22936760798545314;0.22543411451148426	nearby PDE2	chr15	1013217	Experiment		edge_plots/GTACAAGAAATTTTG.png
GTCACCGGCACTAAC	-0.002129334973742664	-0.0015258552786717675	-0.0025489575003624877	-0.007969460922701245	-0.0066518212924382356	-0.01666602360247928	0.002956496884196948	0.003978559075464036	-0.012506314941347805	-0.007940963096924616	-0.0014140770528113273	-0.012983879437544308				-0.008268290593334145	-0.011574547448197131	0.011060906077893585	-0.002129334973742664;-0.007969460922701245;0.002956496884196948;-0.007940963096924616;-0.008268290593334145	70;1410;2640;5150;10150	0.13301372053967395;0.17010975047612895;0.18896723946512656;0.2081436929582081;0.22543411451148426	in SIR4	chr04	918356	Experiment	SIR protein involved in assembly of silent chromatin domains	edge_plots/GTCACCGGCACTAAC.png
GTGTGATTACTAAAT	-0.1010015235124284	-0.11156295517771822	-0.0853971557189478	-0.14000607330695886	-0.1563060327750416	-0.10617759689164864	-0.09638741145452644	-0.0935266951121033	-0.10627378416241376	-0.10206200836974992	-0.18521492390001965	-0.09007090748178262	-0.12911339492347929	-0.13636875409651694	-0.08979447536175411	-0.08642505397333958	-0.08642505397333958		-0.1010015235124284;-0.14000607330695886;-0.09638741145452644;-0.10206200836974992;-0.12911339492347929;-0.08642505397333958	70;1410;2640;5150;7530;10150	0.13301372053967395;0.17010975047612895;0.18896723946512656;0.2081436929582081;0.22936760798545314;0.22543411451148426	nearby RPL16A	chr09	99489	Experiment		edge_plots/GTGTGATTACTAAAT.png
GTTAAATCAACAGTT	-0.02675034950697706	-0.03701924429692675	-0.02294487329334085	-0.017015251477872032	-0.02024592606178726	-0.015451177042025406	-0.02206731287463184	-0.021932538164811947	-0.02234784780239274	-0.049130833406969665	-0.049901603232286935	-0.04884641543164722	-0.03321352386552009	-0.0558550074995425	-0.02790555571673294	-0.028782812357836668	-0.024397450512502226	-0.03484476975369264	-0.02675034950697706;-0.017015251477872032;-0.02206731287463184;-0.049130833406969665;-0.03321352386552009;-0.028782812357836668	70;1410;2640;5150;7530;10150	0.13301372053967395;0.17010975047612895;0.18896723946512656;0.2081436929582081;0.22936760798545314;0.22543411451148426	in SLX8	chr05	395676	Experiment	Subunit of Slx5-Slx8 SUMO-targeted ubiquitin ligase (STUbL) complex	edge_plots/GTTAAATCAACAGTT.png
GTTCAGCTTTGATCG	-0.058347257301506826	-0.05596225610898339	-0.06091248436389216	-0.11277512536938558	-0.11538726525014928	-0.1104649009738236	-0.11666368609730708	-0.1308688143424434	-0.11020654977943664	-0.09776810545641453	-0.09271507475331107	-0.10023643658697848	-0.07024508863708365	-0.0724698263826457	-0.06054312323060436	-0.06404366185391494	-0.06365818154059763	-0.06620853979462771	-0.058347257301506826;-0.11277512536938558;-0.11666368609730708;-0.09776810545641453;-0.07024508863708365;-0.06404366185391494	70;1410;2640;5150;7530;10150	0.13301372053967395;0.17010975047612895;0.18896723946512656;0.2081436929582081;0.22936760798545314;0.22543411451148426	in VPS36	chr12	955654	Experiment	Component of the ESCRT-II complex	edge_plots/GTTCAGCTTTGATCG.png
GTTGAACTGGTTGTT	-0.03316315613107674	-0.02846476879366515	-0.03675626109898784	-0.01753526033434067	-0.021205018287357363	-0.013576168606210423	-0.017204800811183658	-0.022079851165212917	-0.0163125898852969	-0.013258631037643544	-0.019378606775956958	-0.009675608997033078	-0.016056254568746854	-0.01719962587564583	-0.014105100073460568	-0.02284728636748316	-0.02284728636748316		-0.03316315613107674;-0.01753526033434067;-0.017204800811183658;-0.013258631037643544;-0.016056254568746854;-0.02284728636748316	70;1410;2640;5150;7530;10150	0.13301372053967395;0.17010975047612895;0.18896723946512656;0.2081436929582081;0.22936760798545314;0.22543411451148426	in STM1	chr12	440958	Experiment	Protein required for optimal translation under nutrient stress	edge_plots/GTTGAACTGGTTGTT.png
GTTGGGCGCTTAAAG	-0.0002668250122071256	0.0025640338329963666	-0.0017487460444693484	0.001198509103837081	-0.0004262821736522464	0.0034088099774060463	0.002733397571923381	0.002599545872363316	0.0031843156240163504	0.0009770468976412457	0.0040363978393417425	-0.0012314299596563475	-0.0005406370899647127	-0.0006018615567380004	-0.0003303461288500567	0.0013163670862098875	0.0011014029374665844	0.0025360751567523377	-0.0002668250122071256;0.001198509103837081;0.002733397571923381;0.0009770468976412457;-0.0005406370899647127;0.0013163670862098875	70;1410;2640;5150;7530;10150	0.13301372053967395;0.17010975047612895;0.18896723946512656;0.2081436929582081;0.22936760798545314;0.22543411451148426	nearby COA6	chr13	759272	Reference		edge_plots/GTTGGGCGCTTAAAG.png
GTTTAGCTTCCGTTG	-0.1086998356568001	-0.11600020284576415	-0.09750195435894618	-0.10108705280143816	-0.08360467857123352	-0.12278665798160734	-0.12190099488774905	-0.1224497854839558	-0.1217739099761603	-0.1008927912657656	-0.10618580387528136	-0.09631867332206376	-0.100963677271757	-0.09097213854471148	-0.11057518937613817	-0.08238083027827056	-0.08238083027827056		-0.1086998356568001;-0.10108705280143816;-0.12190099488774905;-0.1008927912657656;-0.100963677271757;-0.08238083027827056	70;1410;2640;5150;7530;10150	0.13301372053967395;0.17010975047612895;0.18896723946512656;0.2081436929582081;0.22936760798545314;0.22543411451148426	in RPL16A	chr09	99074	Experiment	Ribosomal 60S subunit protein L16A	edge_plots/GTTTAGCTTCCGTTG.png
GTTTGTTTTGGGAAA	-0.1533128034196057	-0.14166893738416436	-0.15942186610871742	-0.1618269048183726	-0.14649244072603088	-0.1908799149544249	-0.20543565207118827	-0.1940329781199746	-0.2149350483545668	-0.1826135315171149	-0.17305297838964234	-0.22768315060383915							-0.1533128034196057;-0.1618269048183726;-0.20543565207118827;-0.1826135315171149	70;1410;2640;5150	0.13301372053967395;0.17010975047612895;0.18896723946512656;0.2081436929582081	nearby VMA7	chr07	526948	Experiment		edge_plots/GTTTGTTTTGGGAAA.png
TAACCTCGCGCTGAG	0.008906865189478742	0.007839121850866321	0.009569321760922149	0.006090252763425753	0.007464482346078002	0.004011010445399236	-0.0024252109364868665	-0.0033158922964823677	-0.0019193009585597254	-0.006255621292999618	-0.008502331029955788	-0.004976716707358231	-0.016288037938741475	-0.01951888533169364	-0.011336232548231929	-0.02866188329121804	-0.029015796319884955	0.011345855233442349	0.008906865189478742;0.006090252763425753;-0.0024252109364868665;-0.006255621292999618;-0.016288037938741475;-0.02866188329121804	70;1410;2640;5150;7530;10150	0.13301372053967395;0.17010975047612895;0.18896723946512656;0.2081436929582081;0.22936760798545314;0.22543411451148426	nearby NCP1	chr08	190430	Experiment		edge_plots/TAACCTCGCGCTGAG.png
TAATATTGTTTTGCG	-0.045270629865500435	-0.04511875104134564	-0.05598453439724941	-0.06633785972207094	-0.06484915943319003	-0.06986432249946277	-0.07232207745369541	-0.14308012419140795	-0.059903553548808525	-0.15189433166371552	-0.0943521379871612	-0.1634594008620598	-0.19001383767077995	-0.13045548936477275	-0.20645412463601506	-0.1530593628033062	-0.14016166605053784	-0.16818916262583822	-0.045270629865500435;-0.06633785972207094;-0.07232207745369541;-0.15189433166371552;-0.19001383767077995;-0.1530593628033062	70;1410;2640;5150;7530;10150	0.13301372053967395;0.17010975047612895;0.18896723946512656;0.2081436929582081;0.22936760798545314;0.22543411451148426	in UBP3	chr05	472172	Experiment	Ubiquitin-specific protease involved in transport and osmotic response	edge_plots/TAATATTGTTTTGCG.png
TAGACGGACATCTTC	-0.005628320741461894	-0.002347137311496661	-0.021028126435070904	-0.01617687499475204	-0.015507435930103432	-0.016403225066851414	-0.02646767782800554	-0.02395534034964541	-0.03075953004027138	-0.031366382983895776	-0.03144385902195812	-0.02886435437640988	-0.03212571335773926	-0.03224885444585538	-0.026367276541036662	-0.07032041707422998	-0.07032041707422998		-0.005628320741461894;-0.01617687499475204;-0.02646767782800554;-0.031366382983895776;-0.03212571335773926;-0.07032041707422998	70;1410;2640;5150;7530;10150	0.13301372053967395;0.17010975047612895;0.18896723946512656;0.2081436929582081;0.22936760798545314;0.22543411451148426	in RPL31B	chr12	931254	Experiment	Ribosomal 60S subunit protein L31B	edge_plots/TAGACGGACATCTTC.png
TATATTGAACTTTAC	-0.0004586886226822398	-0.000979703077429315	-6.094693085009049e-05	-0.002351813570606304	-0.0023757344177571835	-0.002207307098415288	0.0017402381935254312	0.0015931151618337831	0.0018330695638170574	-0.007491500364044358	-0.012137772886046682	-0.0026771370702171377	-0.004747296169472526	-0.004481660690240355	-0.007855243663137251	-0.00011561138254540212	-0.0019910948079920813	0.0012637829229503485	-0.0004586886226822398;-0.002351813570606304;0.0017402381935254312;-0.007491500364044358;-0.004747296169472526;-0.00011561138254540212	70;1410;2640;5150;7530;10150	0.13301372053967395;0.17010975047612895;0.18896723946512656;0.2081436929582081;0.22936760798545314;0.22543411451148426	nearby TDA11	chr08	417454	Reference		edge_plots/TATATTGAACTTTAC.png
TATGCCCTTCTTCTG	-0.016811078541370702	-0.01996556353881158	-0.013416234400404905	-0.012946345779625416	-0.012094642619031044	-0.035190546576639614	-0.017092290921576776	-0.017458104653129643	-0.016858961962793552	-0.02745279157674993	-0.03951034840436025	-0.02458440249284751	-0.021493071215657432	-0.026960412313084874	-0.017294359114814296	-0.060815982235859725	-0.02729088346756681	-0.09977942022629267	-0.016811078541370702;-0.012946345779625416;-0.017092290921576776;-0.02745279157674993;-0.021493071215657432;-0.060815982235859725	70;1410;2640;5150;7530;10150	0.13301372053967395;0.17010975047612895;0.18896723946512656;0.2081436929582081;0.22936760798545314;0.22543411451148426	in HOS4	chr09	152566	Experiment	Subunit of the Set3 complex	edge_plots/TATGCCCTTCTTCTG.png
TCAAAACGGAGTGTT	0.0001491555358247141	0.0014757484384521535	-0.0002653712224249689	0.0011341990826547665	0.0016075675787136565	8.415723413191587e-05	-0.0028622988558571877	-0.0023050686073029106	-0.003713249145509679	-0.0033952246704067914	-0.0021499289800314967	-0.00925962697880092	0.00014172499629269968	0.00032787621885095104	-0.004976589242137652	-0.002052014324777191	-0.002052014324777191		0.0001491555358247141;0.0011341990826547665;-0.0028622988558571877;-0.0033952246704067914;0.00014172499629269968;-0.002052014324777191	70;1410;2640;5150;7530;10150	0.13301372053967395;0.17010975047612895;0.18896723946512656;0.2081436929582081;0.22936760798545314;0.22543411451148426	nearby YSP2	chr04	1125096	Reference		edge_plots/TCAAAACGGAGTGTT.png
TCAAAGCATGAAAAA	-0.04606784621648697	-0.04532417446410116	-0.04697298024424108	-0.05140517664651551	-0.047724922329529726	-0.054449835074569915	-0.044915814152866836	-0.048493016405432236	-0.04334701302739887	-0.040517836158108216	-0.06176079075712885	-0.03782928136741138	-0.04536129414709333	-0.046538366612286435	-0.042886128951311005	-0.03274622637561025	-0.032597415521874465	-0.054062117111366916	-0.04606784621648697;-0.05140517664651551;-0.044915814152866836;-0.040517836158108216;-0.04536129414709333;-0.03274622637561025	70;1410;2640;5150;7530;10150	0.13301372053967395;0.17010975047612895;0.18896723946512656;0.2081436929582081;0.22936760798545314;0.22543411451148426	in SUM1	chr04	1081712	Experiment	Transcriptional repressor that regulates middle-sporulation genes	edge_plots/TCAAAGCATGAAAAA.png
TCAAATGATGAGGAT	-0.017796878268165332	-0.02128020792600029	-0.01565064673703872	-0.020386637462591825	-0.017939073229851218	-0.027311059107335715	-0.0158375873095986	-0.0148923914132385	-0.0176319276772776	-0.028810594630699495	-0.028850086226037082	-0.02859131055495825	-0.021574766873198155	-0.021871943047421228	-0.021361524365967	-0.04421622088317181	-0.04792292697842583	-0.035024774623632994	-0.017796878268165332;-0.020386637462591825;-0.0158375873095986;-0.028810594630699495;-0.021574766873198155;-0.04421622088317181	70;1410;2640;5150;7530;10150	0.13301372053967395;0.17010975047612895;0.18896723946512656;0.2081436929582081;0.22936760798545314;0.22543411451148426	in FUN30	chr01	114934	Experiment	Snf2p family member with ATP-dependent chromatin remodeling activity	edge_plots/TCAAATGATGAGGAT.png
TCAACAACCTATGCA	0.0035690633264871094	0.00465302945945474	-0.0012943128142273955	0.0014027548792744555	-0.0025762255513930013	0.002578504933721645	-0.003103322726767776	-0.00040638492317720144	-0.007546843781826355	-0.005257569297609703	-0.006976555315983275	-0.0012260389729335929	0.0012141906985687124	0.002579308927356894	-0.044760332103270115	-0.012183560279500913	-0.013750771121578305	-0.0064461478509669256	0.0035690633264871094;0.0014027548792744555;-0.003103322726767776;-0.005257569297609703;0.0012141906985687124;-0.012183560279500913	70;1410;2640;5150;7530;10150	0.13301372053967395;0.17010975047612895;0.18896723946512656;0.2081436929582081;0.22936760798545314;0.22543411451148426	in EBS1	chr04	864603	Experiment	Protein involved in translation inhibition and nonsense-mediated decay	edge_plots/TCAACAACCTATGCA.png
TCAGAGCATTGGCCT	-0.02107050695427744	-0.01910632063022436	-0.02889824445518145	-0.01810331040223559	-0.04825937418114317	-0.01779296859582959	-0.044460616019604576	-0.14871509513651196	-0.03775657017022427	-0.031280695285016286	-0.042026618624754514	-0.02305298821935627							-0.02107050695427744;-0.01810331040223559;-0.044460616019604576;-0.031280695285016286	70;1410;2640;5150	0.13301372053967395;0.17010975047612895;0.18896723946512656;0.2081436929582081	in PDE2	chr15	1013792	Experiment	High-affinity cyclic AMP phosphodiesterase	edge_plots/TCAGAGCATTGGCCT.png
TCATAGGTATCTCGC	-0.0010169195856013428	-0.0010866073577346334	-0.0009797409265158805	-5.494226636477574e-05	-0.0009305121782139248	9.874227682439122e-05	-0.00018331880775072465	-0.0005987216378695688	0.0005016426264951723	-0.005319877373598436	-0.007227641795071884	-0.004064826338578422	-0.004540174760100336	-0.003532185976662449	-0.015306570754477982	-0.008429951035981157	-0.0073782468273164625	-0.014649301006629275	-0.0010169195856013428;-5.494226636477574e-05;-0.00018331880775072465;-0.005319877373598436;-0.004540174760100336;-0.008429951035981157	70;1410;2640;5150;7530;10150	0.13301372053967395;0.17010975047612895;0.18896723946512656;0.2081436929582081;0.22936760798545314;0.22543411451148426	in TRP2	chr05	338178	Experiment	Anthranilate synthase	edge_plots/TCATAGGTATCTCGC.png
TCGAAAGCACAGTAG	-0.10030215561083926	-0.12361953123636593	-0.09612088692118106	-0.0959744988744351	-0.10104633630473583	-0.0895196375947937	-0.116659499121983	-0.1044022260549329	-0.12347508572138333	-0.10115417817429134	-0.13980182500664842	-0.09272123449398673	-0.07788348764468375	-0.07004873887033572	-0.1335488323448765	-0.12719700916131002	-0.12719700916131002		-0.10030215561083926;-0.0959744988744351;-0.116659499121983;-0.10115417817429134;-0.07788348764468375;-0.12719700916131002	70;1410;2640;5150;7530;10150	0.13301372053967395;0.17010975047612895;0.18896723946512656;0.2081436929582081;0.22936760798545314;0.22543411451148426	nearby SRB2	chr08	189888	Experiment		edge_plots/TCGAAAGCACAGTAG.png
TCGATAGAATTTACT	0.0058130637167157495	0.0018697142140920574	0.007084896479976792	-0.018845223728168777	-0.019977760295280683	-0.016082129820007462	-0.014178407956124697	-0.011962249771164763	-0.015985371234537464	-0.02271848503752213	-0.027370339156608418	-0.02054777001376324	-0.026242102112266397	-0.0246352152639097	-0.04382221216506185	-0.0458649518361611	-0.05069722547754992	-0.012748308865191849	0.0058130637167157495;-0.018845223728168777;-0.014178407956124697;-0.02271848503752213;-0.026242102112266397;-0.0458649518361611	70;1410;2640;5150;7530;10150	0.13301372053967395;0.17010975047612895;0.18896723946512656;0.2081436929582081;0.22936760798545314;0.22543411451148426	in SCJ1	chr13	695821	Experiment	One of several homologs of bacterial chaperone DnaJ	edge_plots/TCGATAGAATTTACT.png
TCTTGGAGGTGAATG	0.0011308402903139367	0.0023683932539170878	0.0007009953578581755	-0.0043464617161457705	-0.004930632679981118	-0.0039148141364829135	-0.005433966794576594	-0.004477270760686261	-0.008821543232163425	-0.02161168427430013	-0.022064216365439482	-0.0210612182988438	-0.021025123527056728	-0.016565806300392127	-0.026908304219029844	-0.013300600147832293	-0.012939723468545515	-0.016427738041601803	0.0011308402903139367;-0.0043464617161457705;-0.005433966794576594;-0.02161168427430013;-0.021025123527056728;-0.013300600147832293	70;1410;2640;5150;7530;10150	0.13301372053967395;0.17010975047612895;0.18896723946512656;0.2081436929582081;0.22936760798545314;0.22543411451148426	in STE24	chr10	642829	Experiment	Highly conserved zinc metalloprotease	edge_plots/TCTTGGAGGTGAATG.png
TGATCATCACGGGAC	0.004203635902736136	0.000598091829473186	0.005091257369334687	-0.004241228759970115	-0.005619325452293102	-0.0019652367295719614	-0.004621724595554353	-0.003494125436180623	-0.007668440781745542	-0.006724754132247934	-0.00351167093317827	-0.01244859837244946	-0.014117971772387529	-0.015191682753635319	-0.012705061775910926	-0.02242755045717841	-0.030682081244256643	-0.0015628834733196046	0.004203635902736136;-0.004241228759970115;-0.004621724595554353;-0.006724754132247934;-0.014117971772387529;-0.02242755045717841	70;1410;2640;5150;7530;10150	0.13301372053967395;0.17010975047612895;0.18896723946512656;0.2081436929582081;0.22936760798545314;0.22543411451148426	in FLC2	chr01	47217	Experiment	Putative calcium channel involved in calcium release under hypotonic	edge_plots/TGATCATCACGGGAC.png
TGGAGTCTTTGTTGA	-0.06705847125271414	-0.08790345718371463	-0.0640269655627451	-0.05242348307610572	-0.04353202543298496	-0.0570600958357515	-0.05238426734203007	-0.05055198793509382	-0.05887128435245929	-0.0452520315324916	-0.04613882673999313	-0.04442107041554119	-0.040703295066416	-0.03898871096179675	-0.040914482691220194	-0.04810380455370456	-0.04810380455370456		-0.06705847125271414;-0.05242348307610572;-0.05238426734203007;-0.0452520315324916;-0.040703295066416;-0.04810380455370456	70;1410;2640;5150;7530;10150	0.13301372053967395;0.17010975047612895;0.18896723946512656;0.2081436929582081;0.22936760798545314;0.22543411451148426	in NOT3	chr09	281357	Experiment	Component of the CCR4-NOT core complex, involved in mRNA decapping	edge_plots/TGGAGTCTTTGTTGA.png
TTAATTAGAGGTATG	-0.01563751901730701	-0.013947621780744155	-0.016835222188191414	-0.004982842194379667	-0.004465559473819144	-0.005372557152682846	-0.005971131442103132	-0.0072521015417019285	-0.0041260031940172776	-0.009834129175281044	-0.00260532288888079	-0.010672019528601112	-0.0045767320363842064		-0.0045767320363842064	-0.015111934336340104	-0.015111934336340104		-0.01563751901730701;-0.004982842194379667;-0.005971131442103132;-0.009834129175281044;-0.0045767320363842064;-0.015111934336340104	70;1410;2640;5150;7530;10150	0.13301372053967395;0.17010975047612895;0.18896723946512656;0.2081436929582081;0.22936760798545314;0.22543411451148426	in CBS1	chr04	333143	Experiment	Mitochondrial translational activator of the COB mRNA	edge_plots/TTAATTAGAGGTATG.png
TTAATTGCACTTATG	-0.020257108712504718	-0.035184358011195134	-0.01144511140727118	-0.024904004220226216	-0.02717653404845442	-0.015998817247821668	-0.03703651108569475	-0.03780701022132475	-0.03013269905513028	-0.03250539686218278	-0.03113559581431543	-0.033173224700127804							-0.020257108712504718;-0.024904004220226216;-0.03703651108569475;-0.03250539686218278	70;1410;2640;5150	0.13301372053967395;0.17010975047612895;0.18896723946512656;0.2081436929582081	nearby RPL16A	chr09	99842	Extra_mistake		edge_plots/TTAATTGCACTTATG.png
TTAGTCTTTCCATCA	-0.006485274183541743	-0.004761574442996521	-0.009222113881586613	-0.00668748187922415	-0.004373771749111478	-0.009411090272049994	-0.005276661922653226	-0.005017554032595282	-0.005586895390366462	-0.013403793736584178	-0.01158411270080495	-0.016679231838685908	-0.00992985085601152	-0.009310209836050643	-0.012269354928313736	-0.013447313201368577	-0.012996743225336813	-0.01414544880901791	-0.006485274183541743;-0.00668748187922415;-0.005276661922653226;-0.013403793736584178;-0.00992985085601152;-0.013447313201368577	70;1410;2640;5150;7530;10150	0.13301372053967395;0.17010975047612895;0.18896723946512656;0.2081436929582081;0.22936760798545314;0.22543411451148426	in COG8	chr13	130707	Experiment	Component of the conserved oligomeric Golgi complex	edge_plots/TTAGTCTTTCCATCA.png
TTATATTTATTTGCT	-0.003012132128199257	-0.0027021693557503948	-0.003134239444934863	0.000677075520258626	0.0006638038521539911	0.0006980844030039593	-0.005091064870796454	-0.004930102378658713	-0.005230882009222726	0.0021109838091559973	0.0038086298357580296	-0.0002457492157801	-0.0004868744502081046	-0.002470363929090831	0.006189942616281714	-0.003078858896348789	-0.004826442624223903	-0.0022448355794696053	-0.003012132128199257;0.000677075520258626;-0.005091064870796454;0.0021109838091559973;-0.0004868744502081046;-0.003078858896348789	70;1410;2640;5150;7530;10150	0.13301372053967395;0.17010975047612895;0.18896723946512656;0.2081436929582081;0.22936760798545314;0.22543411451148426	in SIR3	chr12	1020124	Experiment	Silencing protein	edge_plots/TTATATTTATTTGCT.png
TTTAACTCACCGTAA	-0.027850095766710454	-0.035456144795767336	-0.02474615659428804	-0.024339749670468643	-0.02493820634153107	-0.024062937384866145	-0.035607172969753034	-0.03050225402735382	-0.04927877288339006	-0.034705667433274384	-0.03918777587261873	-0.031253618560379184	-0.048416180732426636	-0.0509944683500009	-0.046041649657509925	-0.012545510642828505	-0.047568951952368516	-0.01146627406755952	-0.027850095766710454;-0.024339749670468643;-0.035607172969753034;-0.034705667433274384;-0.048416180732426636;-0.012545510642828505	70;1410;2640;5150;7530;10150	0.13301372053967395;0.17010975047612895;0.18896723946512656;0.2081436929582081;0.22936760798545314;0.22543411451148426	nearby SFP1	chr12	925283	Experiment		edge_plots/TTTAACTCACCGTAA.png
TTTATAAATCAATAG	0.0005902929128186491	0.0018949246296601726	4.5623946483032676e-05	0.001451466932672486	0.0014023468975491483	0.001560716007969427	0.0010854258851450145	0.0015662244536216144	0.000346904009769368	0.003398530882824319	0.0031721662366068428	0.003585722002267149	0.002503899446069444	0.0012413460467109675	0.0068268290525092725	0.004623464853208045	0.004561320210760064	0.0054944856174905495	0.0005902929128186491;0.001451466932672486;0.0010854258851450145;0.003398530882824319;0.002503899446069444;0.004623464853208045	70;1410;2640;5150;7530;10150	0.13301372053967395;0.17010975047612895;0.18896723946512656;0.2081436929582081;0.22936760798545314;0.22543411451148426	nearby NUP157	chr05	372099	Experiment		edge_plots/TTTATAAATCAATAG.png
TTTTGCATTTAGGCG	0.004521514182449742	0.0028820082451169763	0.005395224302106915	0.004059057351290218	0.0026051428464887076	0.0053943009303120135	0.001954151257590755	0.0026680424035038642	0.0013885112391011918	-0.003820145499282632	-0.014323240506382394	-0.0030978565797479753	-0.006928509953487725	-0.017153243760549306	-0.002601906459676157	-0.009190778024508395	-0.008493282311085305	-0.017417056047523367	0.004521514182449742;0.004059057351290218;0.001954151257590755;-0.003820145499282632;-0.006928509953487725;-0.009190778024508395	70;1410;2640;5150;7530;10150	0.13301372053967395;0.17010975047612895;0.18896723946512656;0.2081436929582081;0.22936760798545314;0.22543411451148426	in MPC2	chr08	423092	Experiment	Highly conserved subunit of the mitochondrial pyruvate carrier (MPC)	edge_plots/TTTTGCATTTAGGCG.png
TACACCAATTACACT				-0.1525462100960186	-0.14452566236008976	-0.15701896136770552							-0.12523245493510995	-0.12923305457241946	-0.12520755639240094	-0.2060594657485005	-0.2060594657485005		-0.1525462100960186;-0.12523245493510995;-0.2060594657485005	1410;7530;10150	0.17010975047612895;0.22936760798545314;0.22543411451148426	nearby YOL085W-A	chr15	161141	Experiment		edge_plots/TACACCAATTACACT.png
GCTAATTTCAAGAAT							-0.043853170423137335	-0.07035931007455376	-0.023881480919862776							-0.07711630972508393	-0.07711630972508393		-0.043853170423137335;-0.07711630972508393	2640;10150	0.18896723946512656;0.22543411451148426	in RTG1	chr15	202476	Experiment	Transcription factor (bHLH) involved in interorganelle communication	edge_plots/GCTAATTTCAAGAAT.png
