Edge	BC	T0_log10_freq	T1_log10_freq	T2_log10_freq	T3_log10_freq	T4_log10_freq
AAAACATTATCAAAG	AAAACATTATCAAAG_0	-3.723444437528591	-3.4503373705860816	-3.2488303977426614	-3.063358240226874	-3.1288936641933747
AAAACATTATCAAAG	AAAACATTATCAAAG_1	-2.4267792472670595	-2.3617691480370375	-2.3015367482586644	-2.2695890143132833	-2.249210311930857
AAAACATTATCAAAG	AAAACATTATCAAAG_2	-2.7852408311203227	-2.790699400934313	-2.7948770080750247	-2.885625034104216	-2.740275032922768
AAAACATTATCAAAG	AAAACATTATCAAAG_3	-2.7369084126205894	-2.657007034627353	-2.664029411856205	-2.6222346387787305	-2.6157747562021934
AAAACATTATCAAAG	AAAACATTATCAAAG_4	-3.510836344647147	-3.656581046871862	-3.787991107598193	-4.162742872362786	-3.9370081379544617
AAAACATTATCAAAG	AAAACATTATCAAAG_5	-2.6597753576592136	-2.6273564680454378	-2.671055188881068	-2.6432899170230706	-2.78598383303192
AAAACATTATCAAAG	AAAACATTATCAAAG_6	-2.95844291151274	-2.8244479840219725	-2.743944883745494	-2.6845888122053556	-2.7407134928104933
AAAAGAAAAATGTAT	AAAAGAAAAATGTAT_0	-2.371363520653369	-2.375369379516158	-2.3116839008805146	-2.241676021013259	-2.1718009756520953
AAAAGAAAAATGTAT	AAAAGAAAAATGTAT_1	-2.608447398133339	-2.5393747604942525	-2.4309560866924182	-2.3495114677511912	-2.405732020113605
AAAAGAAAAATGTAT	AAAAGAAAAATGTAT_2	-2.59395807316957	-2.5215419833592363	-2.465771812864274	-2.44793428734093	-2.401091430973511
AAAAGAAAAATGTAT	AAAAGAAAAATGTAT_3	-2.2523071972099977	-2.208663360828517	-2.1903452145030955	-2.16637715701788	-2.1972725886152666
AAAAGAAAAATGTAT	AAAAGAAAAATGTAT_4	-2.477672101855044	-2.4495436551987178	-2.4122761312716983	-2.335743054441325	-2.286099579088682
AAAAGAAAAATGTAT	AAAAGAAAAATGTAT_5	-2.6762720827099535	-2.651080897114159	-2.5697684415155755	-2.5290340101997546	-2.5183386444236797
AAAAGAAAAATGTAT	AAAAGAAAAATGTAT_6	-2.6378346838656888	-2.5745705108053727	-2.4695056949242082	-2.4825800921639445	-2.4810761823047374
AAAAGCGACATTTCT	AAAAGCGACATTTCT_0	-3.4707191214391644	-3.4556662040911483	-3.3571698725315	-3.3880521540886486	-3.3315149707881053
AAAAGCGACATTTCT	AAAAGCGACATTTCT_1	-3.776888756755557	-4.031712763054193	-4.181078613475818	-4.609900903705005	-5.037378683072024
AAAAGCGACATTTCT	AAAAGCGACATTTCT_2	-3.073802186224706	-3.2322119277593737	-3.2902230829008863	-3.3103209744362565	-3.2463902079832088
AAAAGCGACATTTCT	AAAAGCGACATTTCT_3	-3.072779112767127	-3.127362123560505	-3.3060173500841183	-3.615730447365729	-3.5631624189957694
AAAAGCGACATTTCT	AAAAGCGACATTTCT_4	-2.9266510770888887	-3.1236019746871984	-3.165672282434418	-3.2444129188141053	-3.1764420623719305
AAAAGCGACATTTCT	AAAAGCGACATTTCT_5	-2.967970777710869	-3.0043157406299104	-3.0939284377569183	-3.1405698934115946	-3.189806023929912
AAAAGCGACATTTCT	AAAAGCGACATTTCT_6	-3.368729582901833	-3.3091553614406566	-3.213634647431541	-3.22489077911163	-3.435318691744062
AATGATACCATTTTT	AATGATACCATTTTT_0	-4.28619469484662	-5.665181218633779	-6.0	-6.0	-6.0
AATGATACCATTTTT	AATGATACCATTTTT_1	-3.3548150683667997	-3.7959494989028033	-4.246019420408833	-4.388052154088649	-4.590220651729805
AATGATACCATTTTT	AATGATACCATTTTT_2	-3.9087763533191846	-4.085397622016969	-5.260259859523443	-6.0	-6.0
AATGATACCATTTTT	AATGATACCATTTTT_3	-3.6637415448768147	-4.188059963914117	-4.19331306989283	-6.0	-6.0
AATGATACCATTTTT	AATGATACCATTTTT_4	-3.84383554638617	-4.108878717866492	-4.561289855187424	-6.0	-6.0
AATGATACCATTTTT	AATGATACCATTTTT_5	-3.8319363230864623	-4.519053182955542	-4.658199868195481	-4.67204881045385	-6.0
AATGATACCATTTTT	AATGATACCATTTTT_6	-3.803540951526997	-4.519053182955542	-5.260259859523443	-6.0	-6.0
ACAACCTACCTGCTA	ACAACCTACCTGCTA_0	-2.5721229829294803	-2.5246731755956	-2.455439180802281	-2.3815005450020004	-2.386294593829013
ACAACCTACCTGCTA	ACAACCTACCTGCTA_1	-2.6477054378919833	-2.576336655906775	-2.493351525213084	-2.4608871797892786	-2.4854409877071872
ACAACCTACCTGCTA	ACAACCTACCTGCTA_2	-2.668952339519457	-2.6010977826701835	-2.6070473457480996	-2.659536049328882	-2.7491294575000382
ACAACCTACCTGCTA	ACAACCTACCTGCTA_3	-2.7763720470195263	-2.739353644009037	-2.7745384330418634	-2.7925559322630744	-2.774453213740193
ACAACCTACCTGCTA	ACAACCTACCTGCTA_4	-2.559718269416971	-2.555602671729393	-2.456575185849439	-2.497519362160904	-2.510264571432219
ACAACCTACCTGCTA	ACAACCTACCTGCTA_5	-2.449286588264911	-2.374034456901894	-2.4027263473598643	-2.3994931972100333	-2.3886284703740053
ACAACCTACCTGCTA	ACAACCTACCTGCTA_6	-2.356775769132328	-2.3508925576862816	-2.3294805741004705	-2.2601702106040236	-2.2109151339792232
ACAAGTTTTACAGTT	ACAAGTTTTACAGTT_0	-2.9122929270420217	-2.9441954744800403	-2.840304111033685	-2.932902632908821	-2.9967763429579515
ACAAGTTTTACAGTT	ACAAGTTTTACAGTT_1	-2.9101795677286226	-2.9409053490329904	-3.0746232825615314	-3.130853727949304	-3.2421940933896005
ACAAGTTTTACAGTT	ACAAGTTTTACAGTT_2	-2.694274334869538	-2.7153035145969047	-2.733489948006195	-2.7057265354208417	-2.722668990116851
ACAAGTTTTACAGTT	ACAAGTTTTACAGTT_3	-2.9608053533231944	-2.9146728237824333	-2.9837980553501993	-2.9612157002851407	-3.0296309050712846
ACAAGTTTTACAGTT	ACAAGTTTTACAGTT_4	-2.830764137538411	-2.936827436612551	-2.9442895140665253	-3.1166752821945742	-3.156565090791233
ACAAGTTTTACAGTT	ACAAGTTTTACAGTT_5	-2.934012176735258	-3.029697471818867	-3.0746232825615314	-3.033943714941248	-3.0948745769039436
ACAAGTTTTACAGTT	ACAAGTTTTACAGTT_6	-2.7591599897951253	-2.8777207441153645	-2.9023250125229896	-3.0028034716854286	-3.073590855726469
ACAGGGCAGCTCCCG	ACAGGGCAGCTCCCG_0	-3.07688594698177	-3.050284002600645	-3.244620725216268	-3.251966056704551	-3.4507913784002695
ACAGGGCAGCTCCCG	ACAGGGCAGCTCCCG_1	-3.4810599547773835	-3.38187998993023	-3.438528037833399	-3.4871390863509797	-3.7495769531417986
ACAGGGCAGCTCCCG	ACAGGGCAGCTCCCG_2	-3.2298763317584998	-3.026691961679142	-3.15988931440588	-3.345083080695469	-3.435318691744062
ACAGGGCAGCTCCCG	ACAGGGCAGCTCCCG_3	-3.2168682034706526	-3.466524131679357	-3.576013112008131	-3.502690934057137	-3.4507913784002695
ACAGGGCAGCTCCCG	ACAGGGCAGCTCCCG_4	-3.3245910857609267	-3.153297857654905	-3.329141148931256	-3.3031185791519326	-3.3017797833738443
ACAGGGCAGCTCCCG	ACAGGGCAGCTCCCG_5	-3.067699587237852	-3.1654941360153757	-3.166838174361208	-3.218965796601626	-3.3579507864599054
ACAGGGCAGCTCCCG	ACAGGGCAGCTCCCG_6	-3.4656395959098893	-3.4424647474861962	-3.680476262906633	-3.6524532543904686	-3.767865738854108
ACAGTTGACGGACAG	ACAGTTGACGGACAG_0	-2.6653382175646105	-2.6820061465959664	-2.6474760028037077	-2.653412315100949	-2.713920316222557
ACAGTTGACGGACAG	ACAGTTGACGGACAG_1	-2.826686225117972	-2.761548702549542	-2.6928413538506946	-2.561977351387822	-2.5041151662933094
ACAGTTGACGGACAG	ACAGTTGACGGACAG_2	-2.8875870542492463	-2.812091688781914	-2.7266572488513328	-2.707172979661838	-2.6977285254583405
ACAGTTGACGGACAG	ACAGTTGACGGACAG_3	-2.583896747161674	-2.4876447187039172	-2.454532511408461	-2.3957638002915562	-2.34488427556894
ACAGTTGACGGACAG	ACAGTTGACGGACAG_4	-2.846862001016358	-2.8269619967261534	-2.842511457497853	-2.8105603542514235	-2.831633142129362
ACAGTTGACGGACAG	ACAGTTGACGGACAG_5	-2.644263191480966	-2.599601503905331	-2.592806906633489	-2.5235410730302568	-2.5352247902006635
ACAGTTGACGGACAG	ACAGTTGACGGACAG_6	-2.5187533903828845	-2.5181235476054193	-2.561869300879658	-2.5931460475718446	-2.5352247902006635
ACCACCGGTCCTGCC	ACCACCGGTCCTGCC_0	-2.697707510707932	-2.634986433277028	-2.6325527105894504	-2.6524532543904686	-2.6626303370619206
ACCACCGGTCCTGCC	ACCACCGGTCCTGCC_1	-2.8456488871496384	-2.736785366377066	-2.7812126837677424	-2.723786353940974	-2.67489620832085
ACCACCGGTCCTGCC	ACCACCGGTCCTGCC_2	-3.169689125775183	-3.1968338882216223	-3.2349539942586727	-3.2635479292543663	-3.1885739820202206
ACCACCGGTCCTGCC	ACCACCGGTCCTGCC_3	-2.642362556141532	-2.5469164925443	-2.5730282584586686	-2.6047203912012247	-2.5365935101545687
ACCACCGGTCCTGCC	ACCACCGGTCCTGCC_4	-3.2571232468993623	-3.384147851386052	-3.3308409338091507	-3.319124542406577	-3.2769561996488124
ACCACCGGTCCTGCC	ACCACCGGTCCTGCC_5	-2.949119594998	-2.9830361422599476	-3.005792349056367	-3.260947355723841	-3.1646398555993556
ACCACCGGTCCTGCC	ACCACCGGTCCTGCC_6	-3.0820747121906957	-3.121113174283504	-3.2071814160400236	-3.2960336833358514	-3.365280825136307
AGAACATCATCTACA	AGAACATCATCTACA_0	-3.6480895993340186	-3.784367626352988	-4.218867174365218	-4.254513245718432	-4.833258700416099
AGAACATCATCTACA	AGAACATCATCTACA_1	-4.110103435790939	-4.519053182955542	-4.737381114243106	-5.087022158424667	-6.0
AGAACATCATCTACA	AGAACATCATCTACA_2	-3.901827493363857	-4.762091231641836	-4.737381114243106	-6.0	-6.0
AGAACATCATCTACA	AGAACATCATCTACA_3	-2.8822826282234284	-3.0534579106264377	-3.0978946249745194	-3.1185392098707325	-3.1110362364463695
AGAACATCATCTACA	AGAACATCATCTACA_4	-3.8949880688335514	-4.267241209961742	-6.0	-6.0	-6.0
AGAACATCATCTACA	AGAACATCATCTACA_5	-3.849909694098363	-4.710938709194455	-4.834291127251162	-5.484962167096705	-6.0
AGAACATCATCTACA	AGAACATCATCTACA_6	-4.169689125775183	-4.434732297255506	-5.038411109907087	-6.0	-6.0
AGAAGACGACGATGA	AGAAGACGACGATGA_0	-2.466144883322215	-2.521230102209816	-2.4825914268458957	-2.517414190877843	-2.565207536379661
AGAAGACGACGATGA	AGAAGACGACGATGA_1	-2.154995674500496	-2.1784674426512938	-2.204626735250608	-2.2072383783342517	-2.1942705410724175
AGAAGACGACGATGA	AGAAGACGACGATGA_2	-2.120927534552062	-2.1401364115969344	-2.1438735249113403	-2.13568463962875	-2.1471812968619957
AGAAGACGACGATGA	AGAAGACGACGATGA_3	-2.0091146777833577	-2.0495467497563635	-2.060413299948347	-2.063111552073747	-2.010600354412495
AGAAGACGACGATGA	AGAAGACGACGATGA_4	-2.258845087071864	-2.3198074880746913	-2.32965038621677	-2.355272274897404	-2.3649113700039424
AGAAGACGACGATGA	AGAAGACGACGATGA_5	-2.1533933374296157	-2.129507415208029	-2.0927456104749527	-2.1205988124809743	-2.0926000019485174
AGAAGACGACGATGA	AGAAGACGACGATGA_6	-2.1868859949570605	-2.19668619412671	-2.1795131526750833	-2.1476027550953503	-2.1484133387716873
AGATTCATCCCATGG	AGATTCATCCCATGG_0	-3.0327821261274384	-3.0408991227981113	-3.0436541653194586	-2.986651613307105	-3.006374401708488
AGATTCATCCCATGG	AGATTCATCCCATGG_1	-2.569549378468313	-2.498159422843523	-2.4676347411123385	-2.4791384140676778	-2.4410015390744255
AGATTCATCCCATGG	AGATTCATCCCATGG_2	-2.95453384387986	-2.962750682188254	-3.028111153267275	-3.2394494992825553	-3.4418824612464505
AGATTCATCCCATGG	AGATTCATCCCATGG_3	-2.7474083510842098	-2.736785366377066	-2.7137171960453124	-2.5474442750793584	-2.563453989655867
AGATTCATCCCATGG	AGATTCATCCCATGG_4	-2.8284292153447694	-2.803646807774742	-2.759200597305692	-2.7627397031269747	-2.728174503401617
AGATTCATCCCATGG	AGATTCATCCCATGG_5	-2.9695792776306997	-2.9441954744800403	-3.028111153267275	-3.016614836684548	-2.9474735716326266
AGATTCATCCCATGG	AGATTCATCCCATGG_6	-2.72665635008011	-2.637424013943226	-2.5946788685054902	-2.5895396210572974	-2.5816204799678877
AGTGTATGATAATAT	AGTGTATGATAATAT_0	-1.8883883358084745	-1.8860177948692807	-1.9091724997751602	-1.910352225756518	-1.90262799696341
AGTGTATGATAATAT	AGTGTATGATAATAT_1	-1.8009101843796609	-1.8380058703350868	-1.8668601642303413	-1.8667048222563036	-1.8906926274244988
AGTGTATGATAATAT	AGTGTATGATAATAT_2	-1.9180509053269714	-1.9508514588885464	-1.9765818026123878	-2.025720502218623	-2.0769079055377255
AGTGTATGATAATAT	AGTGTATGATAATAT_3	-1.7130998394248032	-1.7171107371148384	-1.7133472163422006	-1.7332212932858047	-1.7537156930131936
AGTGTATGATAATAT	AGTGTATGATAATAT_4	-1.8393350451594936	-1.8474175863534117	-1.8586295940701034	-1.9194094856971373	-1.953231549917576
AGTGTATGATAATAT	AGTGTATGATAATAT_5	-1.7462023117590177	-1.7563210456165028	-1.8086780868125085	-1.923920443380692	-1.96904436995477
AGTGTATGATAATAT	AGTGTATGATAATAT_6	-1.851871501982712	-1.8800650236118595	-1.9007405726703317	-1.920947441067587	-1.9703078270266543
AGTGTTAATCAGACC	AGTGTTAATCAGACC_0	-3.4067018166558456	-3.7061398263126857	-3.5069321928648316	-3.4827961053401975	-3.5084619827943695
AGTGTTAATCAGACC	AGTGTTAATCAGACC_1	-4.445895537714132	-4.96621121429776	-4.482108609139799	-4.142539486274499	-3.9234353307651877
AGTGTTAATCAGACC	AGTGTTAATCAGACC_2	-3.279564115947607	-3.4398719369079167	-3.8681493945121295	-4.113894304824969	-4.782106177968719
AGTGTTAATCAGACC	AGTGTTAATCAGACC_3	-4.144865542050152	-4.284969976922174	-3.8861227655240302	-3.8617128766988045	-4.289190656065824
AGTGTTAATCAGACC	AGTGTTAATCAGACC_4	-3.7326850942635033	-3.6481478793349993	-3.880048617811837	-4.229689661993399	-3.8332587004160996
AGTGTTAATCAGACC	AGTGTTAATCAGACC_5	-3.168413663824941	-3.340898763336087	-3.3681652568329628	-3.449532428912157	-3.444092616051567
AGTGTTAATCAGACC	AGTGTTAATCAGACC_6	-3.5164766119998396	-3.301569238741635	-3.5278660997004745	-3.604148574815914	-3.7632208338083446
AGTTTATAAAAAATT	AGTTTATAAAAAATT_0	-3.0831199461053456	-3.0139032046356355	-3.0315174019591864	-2.9132533352880174	-2.8141424099690266
AGTTTATAAAAAATT	AGTTTATAAAAAATT_1	-3.222601547223595	-3.1968338882216223	-3.214936880736786	-3.0931452434834563	-3.1203986357516422
AGTTTATAAAAAATT	AGTTTATAAAAAATT_2	-2.9576582780890086	-2.9343989429673902	-2.9513399040005512	-3.083561626315161	-3.122506865531974
AGTTTATAAAAAATT	AGTTTATAAAAAATT_3	-2.8680209309046534	-2.811483006857605	-2.88246809193525	-2.869538214210761	-2.886315429718274
AGTTTATAAAAAATT	AGTTTATAAAAAATT_4	-2.8163726788684573	-2.726161442185113	-2.782174576701164	-2.729087311424214	-2.6711425593537315
AGTTTATAAAAAATT	AGTTTATAAAAAATT_5	-2.8598085723625837	-2.8798513836230124	-3.1342367416229235	-3.2096508125548935	-3.131043641266934
AGTTTATAAAAAATT	AGTTTATAAAAAATT_6	-2.5491856473599643	-2.5361361587458213	-2.451373992163631	-2.4869209027332766	-2.5451772316794847
ATAATTTTCATCCAC	ATAATTTTCATCCAC_0	-3.7011680428174385	-4.031712763054193	-4.0049873544201375	-5.007840912377043	-5.13428869608008
ATAATTTTCATCCAC	ATAATTTTCATCCAC_1	-4.7011680428174385	-6.0	-6.0	-6.0	-6.0
ATAATTTTCATCCAC	ATAATTTTCATCCAC_2	-4.798078055825495	-6.0	-6.0	-6.0	-6.0
ATAATTTTCATCCAC	ATAATTTTCATCCAC_3	-4.7011680428174385	-6.0	-6.0	-6.0	-6.0
ATAATTTTCATCCAC	ATAATTTTCATCCAC_4	-4.746925533378113	-6.0	-6.0	-6.0	-6.0
ATAATTTTCATCCAC	ATAATTTTCATCCAC_5	-4.525076783761757	-6.0	-6.0	-6.0	-6.0
ATAATTTTCATCCAC	ATAATTTTCATCCAC_6	-3.8146773176449567	-4.041931928235879	-3.8565675219623143	-3.9109308993689864	-4.028778511310107
ATAGAGCGGCGTTGA	ATAGAGCGGCGTTGA_0	-2.9122929270420217	-2.9360164289410093	-3.0671352611689815	-3.114819320045603	-3.1130993970101426
ATAGAGCGGCGTTGA	ATAGAGCGGCGTTGA_1	-2.531199868820546	-2.6071349882384975	-2.591873942833443	-2.7453898226466134	-2.844254084717563
ATAGAGCGGCGTTGA	ATAGAGCGGCGTTGA_2	-2.973626785788882	-3.1401364115969344	-3.1798739123374475	-3.1194741822058054	-3.1752473037589874
ATAGAGCGGCGTTGA	ATAGAGCGGCGTTGA_3	-2.9514317272483774	-2.898025352551599	-3.0188794253758315	-2.9724111741924943	-3.0479288654053325
ATAGAGCGGCGTTGA	ATAGAGCGGCGTTGA_4	-2.984330319517914	-2.951690675539837	-2.9837980553501993	-3.0042367881082175	-2.8448112297354786
ATAGAGCGGCGTTGA	ATAGAGCGGCGTTGA_5	-2.889593036946845	-2.909306362961288	-3.0041838491365365	-2.977781189836464	-2.9370081379544617
ATAGAGCGGCGTTGA	ATAGAGCGGCGTTGA_6	-2.599420968871072	-2.5552653556099862	-2.5289397578045385	-2.549706885312658	-2.6722652514444474
ATAGTCGATTAAGAT	ATAGTCGATTAAGAT_0	-4.7011680428174385	-5.364151222969798	-6.0	-6.0	-6.0
ATAGTCGATTAAGAT	ATAGTCGATTAAGAT_1	-4.5550400071392	-5.364151222969798	-6.0	-6.0	-6.0
ATAGTCGATTAAGAT	ATAGTCGATTAAGAT_2	-4.798078055825495	-6.0	-6.0	-6.0	-6.0
ATAGTCGATTAAGAT	ATAGTCGATTAAGAT_3	-4.746925533378113	-5.188059963914117	-6.0	-6.0	-6.0
ATAGTCGATTAAGAT	ATAGTCGATTAAGAT_4	-4.445895537714132	-5.0631212273058175	-6.0	-6.0	-6.0
ATAGTCGATTAAGAT	ATAGTCGATTAAGAT_5	-4.746925533378113	-5.188059963914117	-6.0	-6.0	-6.0
ATAGTCGATTAAGAT	ATAGTCGATTAAGAT_6	-4.856070002803182	-6.0	-6.0	-6.0	-6.0
ATATTGAGTAAGTAC	ATATTGAGTAAGTAC_0	-3.7926830239387885	-3.6695460240362294	-3.778339721922012	-4.32359416486173	-4.891250647393786
ATATTGAGTAAGTAC	ATATTGAGTAAGTAC_1	-3.7717491171031456	-4.160031240313874	-4.157597517626296	-5.183932171432724	-6.0
ATATTGAGTAAGTAC	ATATTGAGTAAGTAC_2	-3.875093240116612	-4.303453382616187	-4.20590219720085	-4.785992162760686	-4.622405335101207
ATATTGAGTAAGTAC	ATATTGAGTAAGTAC_3	-3.488980438413481	-3.7157912119888667	-3.7161918151731674	-3.495957551398168	-3.7320273136254007
ATATTGAGTAAGTAC	ATATTGAGTAAGTAC_4	-3.106775492442012	-3.301569238741635	-3.3429294334168893	-3.3660364142709285	-3.767865738854108
ATATTGAGTAAGTAC	ATATTGAGTAAGTAC_5	-3.9529800158112383	-4.489089959578098	-4.959229863859462	-6.0	-6.0
ATATTGAGTAAGTAC	ATATTGAGTAAGTAC_6	-3.448315011837545	-3.5413295776666938	-3.7161918151731674	-3.928659666329418	-3.9959859979137993
ATCGTTGGCATTTGG	ATCGTTGGCATTTGG_0	-2.9592289650882395	-3.2027832207348235	-3.266089403184167	-3.5711483147129885	-3.6224053351012064
ATCGTTGGCATTTGG	ATCGTTGGCATTTGG_1	-3.1089912854215718	-3.3576851807205665	-3.6843026707596858	-3.7648028636907482	-3.9370081379544617
ATCGTTGGCATTTGG	ATCGTTGGCATTTGG_2	-3.59395807316957	-3.8590012446498925	-4.218867174365218	-6.0	-6.0
ATCGTTGGCATTTGG	ATCGTTGGCATTTGG_3	-3.2618353489871756	-3.4051098306487044	-3.6581998681954806	-4.44356948193848	-4.891250647393786
ATCGTTGGCATTTGG	ATCGTTGGCATTTGG_4	-2.7112734790986655	-2.787234267004591	-2.944989424744852	-3.121350187204561	-3.272455698422136
ATCGTTGGCATTTGG	ATCGTTGGCATTTGG_5	-2.9194126681649695	-3.1248517438429055	-3.3989246206385006	-3.5555432413824124	-3.6794438360715707
ATCGTTGGCATTTGG	ATCGTTGGCATTTGG_6	-3.198740922833006	-3.466524131679357	-3.7735932868975506	-4.132779648985343	-4.657167441360419
ATGAAGTTCATAATG	ATGAAGTTCATAATG_0	-5.7011680428174385	-6.0	-6.0	-6.0	-6.0
ATGAAGTTCATAATG	ATGAAGTTCATAATG_1	-3.9158382078066714	-3.710938709194455	-4.021377770608306	-4.07842198666275	-3.910273884707217
ATGAAGTTCATAATG	ATGAAGTTCATAATG_2	-5.400138047153457	-6.0	-6.0	-6.0	-6.0
ATGAAGTTCATAATG	ATGAAGTTCATAATG_3	-4.238770044918482	-4.218023187291561	-4.246019420408833	-4.095796082732172	-3.8974995966707877
ATGAAGTTCATAATG	ATGAAGTTCATAATG_4	-5.7011680428174385	-6.0	-6.0	-6.0	-6.0
ATGAAGTTCATAATG	ATGAAGTTCATAATG_5	-5.7011680428174385	-6.0	-6.0	-6.0	-6.0
ATGAAGTTCATAATG	ATGAAGTTCATAATG_6	-5.7011680428174385	-6.0	-6.0	-6.0	-6.0
ATGGCGATGGTCTTG	ATGGCGATGGTCTTG_0	-3.3432331958169845	-3.368516028372248	-3.1110407468680634	-3.0617162931598974	-3.0253855684127675
ATGGCGATGGTCTTG	ATGGCGATGGTCTTG_1	-4.378948748083519	-4.3429619238998605	-4.959229863859462	-5.183932171432724	-6.0
ATGGCGATGGTCTTG	ATGGCGATGGTCTTG_2	-3.9935978667195022	-3.9749851386052657	-4.074623282561531	-4.609900903705005	-4.457595086455214
ATGGCGATGGTCTTG	ATGGCGATGGTCTTG_3	-2.724818063814165	-2.711904881966475	-2.7047623533923857	-2.7336830631133626	-2.771146986382131
ATGGCGATGGTCTTG	ATGGCGATGGTCTTG_4	-3.1852941991057593	-3.25694125332193	-3.209751213371767	-3.274108801781812	-3.435318691744062
ATGGCGATGGTCTTG	ATGGCGATGGTCTTG_5	-3.2634174799970506	-3.127362123560505	-3.1407840186166456	-3.083561626315161	-2.9904934922343145
ATGGCGATGGTCTTG	ATGGCGATGGTCTTG_6	-3.364708308968909	-3.40273012890335	-3.34468416098344	-3.3811584461407485	-3.4120662321103503
ATTAATACTTTGCAG	ATTAATACTTTGCAG_0	-4.856070002803182	-6.0	-6.0	-6.0	-6.0
ATTAATACTTTGCAG	ATTAATACTTTGCAG_1	-4.525076783761757	-6.0	-6.0	-6.0	-6.0
ATTAATACTTTGCAG	ATTAATACTTTGCAG_2	-3.436350219807902	-3.3707149924721866	-3.3681652568329628	-3.3845916219791423	-3.4100128264792917
ATTAATACTTTGCAG	ATTAATACTTTGCAG_3	-4.923016792433795	-6.0	-6.0	-6.0	-6.0
ATTAATACTTTGCAG	ATTAATACTTTGCAG_4	-4.746925533378113	-6.0	-6.0	-6.0	-6.0
ATTAATACTTTGCAG	ATTAATACTTTGCAG_5	-4.400138047153457	-6.0	-6.0	-6.0	-6.0
ATTAATACTTTGCAG	ATTAATACTTTGCAG_6	-5.099108051489476	-6.0	-6.0	-6.0	-6.0
ATTATCAAGTGCCAG	ATTATCAAGTGCCAG_0	-2.948351611629167	-3.0819824446651567	-3.0634391156090177	-3.0741849337194953	-3.100864940593131
ATTATCAAGTGCCAG	ATTATCAAGTGCCAG_1	-2.928113349453176	-3.0119687048584356	-2.9970184247488616	-2.9644786343559133	-3.0356449702630237
ATTATCAAGTGCCAG	ATTATCAAGTGCCAG_2	-2.5507186333565577	-2.577754761597494	-2.5903234432147455	-2.6473737288611936	-2.690634628467176
ATTATCAAGTGCCAG	ATTATCAAGTGCCAG_3	-2.4868541453930386	-2.4286439571450855	-2.508211411704005	-2.472757871065962	-2.4514669727525904
ATTATCAAGTGCCAG	ATTATCAAGTGCCAG_4	-2.5350340725123295	-2.5459253293558426	-2.5887784594370125	-2.7207860347063746	-2.8033678654848453
ATTATCAAGTGCCAG	ATTATCAAGTGCCAG_5	-2.7331523288237967	-2.7659080313161755	-2.938040564789524	-3.028596133967662	-3.0870138286959015
ATTATCAAGTGCCAG	ATTATCAAGTGCCAG_6	-2.6278163404305372	-2.6477304891232434	-2.7313431592457884	-2.8336841530985613	-2.8094919784583507
ATTATCATCGCCATC	ATTATCATCGCCATC_0	-2.9514317272483774	-3.172420829606942	-3.474930024512676	-3.5845950384402347	-3.649988856733295
ATTATCATCGCCATC	ATTATCATCGCCATC_1	-3.548879698434382	-3.7959494989028033	-4.135321122915143	-4.3088709080410235	-4.782106177968719
ATTATCATCGCCATC	ATTATCATCGCCATC_2	-3.306716361991222	-3.5348474501387734	-3.633577393287149	-3.6925704775984514	-3.8018502361644755
ATTATCATCGCCATC	ATTATCATCGCCATC_3	-3.4916530282748077	-3.3887194144605353	-3.4918684464289558	-3.4763619953347877	-3.4738975976776136
ATTATCATCGCCATC	ATTATCATCGCCATC_4	-3.4863241947697405	-3.6481478793349993	-3.7688981656891705	-4.087022158424667	-4.321375339437226
ATTATCATCGCCATC	ATTATCATCGCCATC_5	-3.189284681838564	-3.4424647474861962	-3.4993350111143102	-3.592867564406225	-3.7193153481092627
ATTATCATCGCCATC	ATTATCATCGCCATC_6	-3.4836840986035322	-3.547909922978015	-3.4029273630921746	-3.5711483147129885	-3.8332587004160996
CAAAGCTGAAGGATT	CAAAGCTGAAGGATT_1	-5.7011680428174385	-6.0	-6.0	-6.0	-6.0
CAAGGATCCCCGTAG	CAAGGATCCCCGTAG_0	-3.2895483368542084	-3.4172079522719727	-3.558404166949936	-3.785992162760686	-4.2311987090881376
CAAGGATCCCCGTAG	CAAGGATCCCCGTAG_1	-3.441096654832364	-3.3796239096260057	-3.3949584334208995	-3.6787821931128177	-4.0831361736327
CAAGGATCCCCGTAG	CAAGGATCCCCGTAG_2	-3.3014943213364	-3.4147612163248855	-3.2559384857408005	-3.6216393069762494	-3.972920693845106
CAAGGATCCCCGTAG	CAAGGATCCCCGTAG_3	-3.4656395959098893	-3.8018583585133237	-4.181078613475818	-4.194927555734187	-5.13428869608008
CAAGGATCCCCGTAG	CAAGGATCCCCGTAG_4	-3.2313460268392755	-3.292269215663673	-3.5198971700291994	-3.68908214975263	-3.8069297616937505
CAAGGATCCCCGTAG	CAAGGATCCCCGTAG_5	-2.8511347851276696	-2.9450219152278225	-3.087073591111169	-3.1606797117990126	-3.286099579088682
CAAGGATCCCCGTAG	CAAGGATCCCCGTAG_6	-3.3587453619952323	-3.474849520463488	-3.5172730262030507	-3.4396391883100477	-3.590220651729805
CAAGTTCGGCGAAAT	CAAGTTCGGCGAAAT_0	-3.5398000405824637	-3.865840669180198	-3.944989424744852	-3.8317496533213613	-4.590220651729805
CAAGTTCGGCGAAAT	CAAGTTCGGCGAAAT_1	-3.632982181071277	-3.701393391288224	-4.19331306989283	-4.338834131418467	-6.0
CAAGTTCGGCGAAAT	CAAGTTCGGCGAAAT_2	-4.42241444186461	-4.519053182955542	-4.533261131587181	-4.639864127082448	-5.037378683072024
CAAGTTCGGCGAAAT	CAAGTTCGGCGAAAT_3	-2.9025173973721694	-3.1248517438429055	-3.2228333615828197	-3.335743054441325	-3.4485469574778174
CAAGTTCGGCGAAAT	CAAGTTCGGCGAAAT_4	-3.3282560398473318	-3.3555510512078808	-3.640471101235049	-3.49373609140421	-3.664466680101918
CAAGTTCGGCGAAAT	CAAGTTCGGCGAAAT_5	-3.6007974976998756	-3.7461031262577054	-3.6439594290808706	-3.5581054581470126	-3.5241610830040853
CAAGTTCGGCGAAAT	CAAGTTCGGCGAAAT_6	-3.2895483368542084	-3.5613774976778227	-3.7161918151731674	-3.8669140703846123	-4.25922743268838
CAATCTTGAATTGAT	CAATCTTGAATTGAT_0	-2.678739671631952	-2.634176937270243	-2.645011414613985	-2.5417150419588435	-2.5542194733550447
CAATCTTGAATTGAT	CAATCTTGAATTGAT_1	-2.620541555895633	-2.6444057304402215	-2.54481366090656	-2.5118343134970065	-2.5562228122439894
CAATCTTGAATTGAT	CAATCTTGAATTGAT_2	-2.9122929270420217	-2.827592780398268	-2.762869421505777	-2.8637858853216698	-2.8141424099690266
CAATCTTGAATTGAT	CAATCTTGAATTGAT_3	-2.7387987071474176	-2.775319497375591	-2.680857390164005	-2.8721783103769694	-2.842032624723605
CAATCTTGAATTGAT	CAATCTTGAATTGAT_4	-2.804641825327883	-2.8727895291355257	-2.904872201536869	-2.9936004732624326	-3.033057309289382
CAATCTTGAATTGAT	CAATCTTGAATTGAT_5	-2.873798769763613	-2.893593737752524	-2.8953963096529916	-2.912090564896225	-2.882650475631869
CAATCTTGAATTGAT	CAATCTTGAATTGAT_6	-2.827266444952977	-2.8371661544098026	-2.770770127561171	-2.828384875700591	-2.7473440717095063
CAATTTCAACGTTGT	CAATTTCAACGTTGT_0	-4.00219803848142	-4.2027832207348235	-4.375653278225513	-4.183932171432724	-4.217834747530156
CAATTTCAACGTTGT	CAATTTCAACGTTGT_1	-3.2042383947442237	-3.3227585378115734	-3.260259859523443	-3.8128643091609877	-3.8332587004160996
CAATTTCAACGTTGT	CAATTTCAACGTTGT_2	-3.5708342743224324	-3.9576110425358433	-3.92446775760025	-4.338834131418467	-4.457595086455214
CAATTTCAACGTTGT	CAATTTCAACGTTGT_3	-3.8949880688335514	-3.865840669180198	-4.232231135923199	-4.194927555734187	-4.13428869608008
CAATTTCAACGTTGT	CAATTTCAACGTTGT_4	-3.4133663128872125	-3.6739551429412844	-3.989193087236905	-4.507238561807857	-4.782106177968719
CAATTTCAACGTTGT	CAATTTCAACGTTGT_5	-3.3245910857609267	-3.615963195963598	-3.813101828181224	-4.609900903705005	-3.9510188523972762
CAATTTCAACGTTGT	CAATTTCAACGTTGT_6	-3.696846669034796	-4.0741166116072804	-4.093928437756918	-3.9936004732624326	-5.259227432688381
CATATGCATTCCTTG	CATATGCATTCCTTG_0	-2.519324454872666	-2.5342045270281623	-2.5046390515223687	-2.5507162860736337	-2.679824963328943
CATATGCATTCCTTG	CATATGCATTCCTTG_1	-2.594637188995057	-2.5823958483173293	-2.6488906440607094	-2.8019151288578557	-2.8566794817759895
CATATGCATTCCTTG	CATATGCATTCCTTG_2	-2.3810217567063843	-2.3517358482073654	-2.4001215744928297	-2.4825800921639445	-2.5440600748399227
CATATGCATTCCTTG	CATATGCATTCCTTG_3	-2.673410838126885	-2.5717595334715444	-2.6181252249651688	-2.7060876950939656	-2.8403739550489786
CATATGCATTCCTTG	CATATGCATTCCTTG_4	-2.404941755556278	-2.3968373046827147	-2.4230924532956077	-2.3691852909377418	-2.4717669581699657
CATATGCATTCCTTG	CATATGCATTCCTTG_5	-2.681636358286183	-2.6761766029352425	-2.615165235970279	-2.668720867104922	-2.7978289622315513
CATATGCATTCCTTG	CATATGCATTCCTTG_6	-2.3793625589598992	-2.400363395624243	-2.4739817829091035	-2.540726323303225	-2.594898914007576
CATCAATGAGGCAGT	CATCAATGAGGCAGT_0	-3.294627862383483	-3.8727895291355257	-4.157597517626296	-4.424264326743094	-5.037378683072024
CATCAATGAGGCAGT	CATCAATGAGGCAGT_1	-3.2618353489871756	-3.94917787499898	-4.038411109907087	-4.1525237071811	-5.13428869608008
CATCAATGAGGCAGT	CATCAATGAGGCAGT_2	-3.1933121711216077	-3.8018583585133237	-4.533261131587181	-4.744599477602462	-5.435318691744062
CATCAATGAGGCAGT	CATCAATGAGGCAGT_3	-3.5550400071392003	-4.041931928235879	-4.69598842908488	-4.463772868026767	-4.657167441360419
CATCAATGAGGCAGT	CATCAATGAGGCAGT_4	-3.655845064030781	-4.820083178619523	-5.4363511185791245	-6.0	-6.0
CATCAATGAGGCAGT	CATCAATGAGGCAGT_5	-3.4067018166558456	-3.852267861990924	-4.561289855187424	-4.639864127082448	-5.736348687408043
CATCAATGAGGCAGT	CATCAATGAGGCAGT_6	-3.4758587610915757	-3.909306362961288	-4.7831386048037805	-5.785992162760686	-6.0
CATCACCGTGCTCAT	CATCACCGTGCTCAT_0	-4.7011680428174385	-6.0	-6.0	-6.0	-6.0
CATCACCGTGCTCAT	CATCACCGTGCTCAT_1	-4.746925533378113	-6.0	-6.0	-6.0	-6.0
CATCACCGTGCTCAT	CATCACCGTGCTCAT_2	-4.923016792433795	-6.0	-6.0	-6.0	-6.0
CATCACCGTGCTCAT	CATCACCGTGCTCAT_3	-4.798078055825495	-6.0	-6.0	-6.0	-6.0
CATCACCGTGCTCAT	CATCACCGTGCTCAT_4	-4.659775357659213	-6.0	-6.0	-6.0	-6.0
CATCACCGTGCTCAT	CATCACCGTGCTCAT_5	-4.269804278658452	-4.002423386952206	-3.669195252496944	-3.5404794949465366	-3.4810761823047374
CATCACCGTGCTCAT	CATCACCGTGCTCAT_6	-3.8949880688335514	-3.740901932571898	-3.9312011402592186	-4.217790438693691	-4.304984923249056
CATTGTCGGACGCTT	CATTGTCGGACGCTT_0	-5.00219803848142	-6.0	-6.0	-6.0	-6.0
CATTGTCGGACGCTT	CATTGTCGGACGCTT_1	-5.00219803848142	-6.0	-6.0	-6.0	-6.0
CATTGTCGGACGCTT	CATTGTCGGACGCTT_2	-3.9529800158112383	-3.807848722202511	-3.8681493945121295	-4.104750925385099	-4.2311987090881376
CATTGTCGGACGCTT	CATTGTCGGACGCTT_3	-3.4656395959098893	-3.6481478793349993	-3.8861227655240302	-3.7525684072737366	-3.7869586807631306
CATTGTCGGACGCTT	CATTGTCGGACGCTT_4	-5.00219803848142	-6.0	-6.0	-6.0	-6.0
CATTGTCGGACGCTT	CATTGTCGGACGCTT_5	-4.798078055825495	-6.0	-6.0	-6.0	-6.0
CATTGTCGGACGCTT	CATTGTCGGACGCTT_6	-3.5805941116115885	-3.619858239847122	-3.576013112008131	-3.803720929721118	-3.593333887153948
CATTTATGGCTATCT	CATTTATGGCTATCT_0	-4.057715366331251	-3.932787458810811	-4.20590219720085	-4.015140151118542	-4.414129392674124
CATTTATGGCTATCT	CATTTATGGCTATCT_1	-3.2812122943276805	-3.1600312403138733	-3.2719982627946873	-3.40578092104908	-3.5084619827943695
CATTTATGGCTATCT	CATTTATGGCTATCT_2	-3.352863179769278	-3.353427357578025	-3.217553120467387	-3.354628398601699	-3.5573717401148737
CATTTATGGCTATCT	CATTTATGGCTATCT_3	-3.519324454872666	-3.5752761071943815	-3.807962188528813	-3.905178570479895	-3.723511462702871
CATTTATGGCTATCT	CATTTATGGCTATCT_4	-3.7055328482198884	-3.9839399812581924	-4.357169872531499	-4.706810916713062	-4.782106177968719
CATTTATGGCTATCT	CATTTATGGCTATCT_5	-3.5519489301620584	-3.4147612163248855	-3.640471101235049	-3.445548047920568	-3.727748515646126
CATTTATGGCTATCT	CATTTATGGCTATCT_6	-3.696846669034796	-3.865840669180198	-3.834291127251162	-3.841509490610518	-4.2311987090881376
CCAACACAGGCTTCG	CCAACACAGGCTTCG_0	-2.714844265766673	-2.691130315840902	-2.5524059235448444	-2.435356554501732	-2.3534315523205125
CCAACACAGGCTTCG	CCAACACAGGCTTCG_1	-2.649244126771332	-2.607895574215565	-2.4758803410448254	-2.361437186153973	-2.3344314368904686
CCAACACAGGCTTCG	CCAACACAGGCTTCG_2	-2.806851980133	-2.731693930785074	-2.7378156260171234	-2.8028170907228733	-2.7180643789815124
CCAACACAGGCTTCG	CCAACACAGGCTTCG_3	-2.9893608137762473	-2.9996002276158262	-3.0222137563946476	-3.020323608001672	-3.0506069488057794
CCAACACAGGCTTCG	CCAACACAGGCTTCG_4	-2.568588195157701	-2.5271944859102478	-2.410226601833674	-2.4085037793845534	-2.4452019256761575
CCAACACAGGCTTCG	CCAACACAGGCTTCG_5	-2.706850890147802	-2.6604300630427784	-2.4685692105033255	-2.466053722780378	-2.457138174806648
CCAACACAGGCTTCG	CCAACACAGGCTTCG_6	-2.7469255333781137	-2.6144149074007372	-2.530555238211256	-2.536304734955385	-2.5349515630875916
CCAAGACCGTGTAAA	CCAAGACCGTGTAAA_0	-2.9623874843330693	-3.2164748987286997	-3.880048617811837	-3.934733814041611	-3.910273884707217
CCAAGACCGTGTAAA	CCAAGACCGTGTAAA_1	-3.1595887988708573	-3.832672305927543	-4.169179390176111	-4.484962167096705	-4.505899766029769
CCAAGACCGTGTAAA	CCAAGACCGTGTAAA_2	-4.525076783761757	-5.665181218633779	-6.0	-6.0	-6.0
CCAAGACCGTGTAAA	CCAAGACCGTGTAAA_3	-2.6799787437475002	-2.993083360698062	-3.1485493886488984	-3.6216393069762494	-3.772560860062488
CCAAGACCGTGTAAA	CCAAGACCGTGTAAA_4	-2.921571551559614	-3.2637806778522354	-3.4968318659605058	-3.6306561252956246	-3.8069297616937505
CCAAGACCGTGTAAA	CCAAGACCGTGTAAA_5	-3.1484998267052453	-3.3034533826161865	-3.733059740460463	-4.294630468926414	-4.393926006585837
CCAAGACCGTGTAAA	CCAAGACCGTGTAAA_6	-5.00219803848142	-6.0	-6.0	-6.0	-6.0
CCAGGATGTACCGCC	CCAGGATGTACCGCC_0	-4.525076783761757	-4.551237866326943	-4.5912530785648675	-5.183932171432724	-6.0
CCAGGATGTACCGCC	CCAGGATGTACCGCC_1	-3.228411593500226	-3.186614723039936	-3.3517748406447936	-3.3811584461407485	-3.4715308643985066
CCAGGATGTACCGCC	CCAGGATGTACCGCC_2	-3.0799917610424035	-3.087689418796554	-3.0755684287058442	-3.205067187085067	-3.168146963341048
CCAGGATGTACCGCC	CCAGGATGTACCGCC_3	-4.856070002803182	-6.0	-6.0	-6.0	-6.0
CCAGGATGTACCGCC	CCAGGATGTACCGCC_4	-2.6457897114424385	-2.692978380254715	-2.677439226181151	-2.7046448549565536	-2.731168174904263
CCAGGATGTACCGCC	CCAGGATGTACCGCC_5	-2.956093251235381	-2.8884800346453687	-3.0689951975531056	-3.012205717779493	-3.0279277872733306
CCAGGATGTACCGCC	CCAGGATGTACCGCC_6	-3.200108780599687	-3.255248095302485	-3.34468416098344	-3.395057055657307	-3.5376916004536207
CCGTTAGTATCGCTA	CCGTTAGTATCGCTA_0	-3.372788439378701	-3.4172079522719727	-3.6474760028037077	-3.947143072023431	-3.8278636685293934
CCGTTAGTATCGCTA	CCGTTAGTATCGCTA_1	-3.123676242980213	-3.1440431349297433	-3.0436541653194586	-3.4242643267430934	-3.4418824612464505
CCGTTAGTATCGCTA	CCGTTAGTATCGCTA_2	-3.458129994131144	-3.281365852653348	-3.247422634818271	-3.3932952095010207	-3.516240599367988
CCGTTAGTATCGCTA	CCGTTAGTATCGCTA_3	-3.014531773555145	-2.94917787499898	-3.020543390943581	-3.033943714941248	-3.1646398555993556
CCGTTAGTATCGCTA	CCGTTAGTATCGCTA_4	-4.1329663187504435	-3.9409053490329904	-3.9815062585706142	-4.000662327749919	-6.0
CCGTTAGTATCGCTA	CCGTTAGTATCGCTA_5	-3.9935978667195022	-4.3429619238998605	-4.19331306989283	-4.5307196576573805	-4.560257428352362
CCGTTAGTATCGCTA	CCGTTAGTATCGCTA_6	-3.6077463576552034	-3.615963195963598	-3.8861227655240302	-3.768958823461906	-3.9881606604018427
CGAACAGAAACACAA	CGAACAGAAACACAA_0	-5.400138047153457	-6.0	-6.0	-6.0	-6.0
CGAACAGAAACACAA	CGAACAGAAACACAA_1	-3.9935978667195022	-4.267241209961742	-4.623437761936269	-5.183932171432724	-6.0
CGAACAGAAACACAA	CGAACAGAAACACAA_2	-5.099108051489476	-6.0	-6.0	-6.0	-6.0
CGAACAGAAACACAA	CGAACAGAAACACAA_3	-4.019926805441851	-4.146667278755892	-4.274983116344149	-6.0	-6.0
CGAACAGAAACACAA	CGAACAGAAACACAA_4	-5.099108051489476	-6.0	-6.0	-6.0	-6.0
CGAACAGAAACACAA	CGAACAGAAACACAA_5	-3.901827493363857	-4.108878717866492	-4.021377770608306	-3.7992204284944413	-4.321375339437226
CGAACAGAAACACAA	CGAACAGAAACACAA_6	-4.4970480601615135	-4.551237866326943	-5.4363511185791245	-6.0	-6.0
CGAATGCCATACAAA	CGAATGCCATACAAA_0	-4.7011680428174385	-6.0	-6.0	-6.0	-6.0
CGAATGCCATACAAA	CGAATGCCATACAAA_1	-3.153393337429616	-3.063121227305817	-3.1883778522173176	-3.178537139546018	-3.1600073372022504
CGAATGCCATACAAA	CGAATGCCATACAAA_2	-4.856070002803182	-6.0	-6.0	-6.0	-6.0
CGAATGCCATACAAA	CGAATGCCATACAAA_3	-3.2402702000608907	-3.32872148478525	-3.2390705604535053	-3.1732083060409506	-3.137558180644928
CGAATGCCATACAAA	CGAATGCCATACAAA_4	-4.7011680428174385	-6.0	-6.0	-6.0	-6.0
CGAATGCCATACAAA	CGAATGCCATACAAA_5	-3.2042383947442237	-3.0587998535231744	-3.1396859283175935	-3.1056566493461233	-3.2577821918142
CGAATGCCATACAAA	CGAATGCCATACAAA_6	-3.7980780558254947	-3.8456372830919108	-3.6301711445952374	-3.8317496533213613	-4.180046186640756
CGATGATGATGATGA	CGATGATGATGATGA_0	-2.542504062003449	-2.4424647474861962	-2.433537339354451	-2.467511437586169	-2.4331526299875543
CGATGATGATGATGA	CGATGATGATGATGA_1	-2.63671005359052	-2.6167394150833747	-2.532447591888961	-2.5183511804147707	-2.5608368740445955
CGATGATGATGATGA	CGATGATGATGATGA_2	-2.5942974983387845	-2.512892874250723	-2.480422961682174	-2.3755523765503397	-2.3791764296850095
CGATGATGATGATGA	CGATGATGATGATGA_3	-2.6617539236413013	-2.6548812619939675	-2.6901062468589263	-2.627026902377276	-2.602171579831277
CGATGATGATGATGA	CGATGATGATGATGA_4	-2.9944502604806797	-2.791279620769318	-2.822509296703055	-2.837579196982085	-2.741591742820415
CGATGATGATGATGA	CGATGATGATGATGA_5	-2.787354190433722	-2.6305527620084592	-2.600343659453593	-2.637389507954593	-2.591152281293861
CGATGATGATGATGA	CGATGATGATGATGA_6	-3.128296440616958	-2.967951875874062	-2.8640605124277068	-2.8312673717816232	-2.878413422688614
CGCGATCAATCCTCT	CGCGATCAATCCTCT_0	-5.00219803848142	-5.364151222969798	-6.0	-6.0	-6.0
CGCGATCAATCCTCT	CGCGATCAATCCTCT_1	-3.9935978667195022	-4.489089959578098	-4.533261131587181	-5.087022158424667	-6.0
CGCGATCAATCCTCT	CGCGATCAATCCTCT_2	-4.269804278658452	-4.820083178619523	-6.0	-6.0	-6.0
CGCGATCAATCCTCT	CGCGATCAATCCTCT_3	-4.659775357659213	-4.710938709194455	-6.0	-6.0	-6.0
CGCGATCAATCCTCT	CGCGATCAATCCTCT_4	-4.303228034145401	-4.762091231641836	-5.4363511185791245	-6.0	-6.0
CGCGATCAATCCTCT	CGCGATCAATCCTCT_5	-3.7517780361725257	-4.160031240313874	-4.19331306989283	-4.24192411841041	-4.168146963341048
CGCGATCAATCCTCT	CGCGATCAATCCTCT_6	-4.358745361995232	-5.364151222969798	-6.0	-6.0	-6.0
CGTCAAGACCTTCTA	CGTCAAGACCTTCTA_0	-3.7666695915738706	-4.188059963914117	-4.047185034214592	-4.142539486274499	-5.037378683072024
CGTCAAGACCTTCTA	CGTCAAGACCTTCTA_1	-3.4916530282748077	-3.615963195963598	-3.807962188528813	-4.015140151118542	-4.04615260737953
CGTCAAGACCTTCTA	CGTCAAGACCTTCTA_2	-3.803540951526997	-3.740901932571898	-3.880048617811837	-3.773154938055514	-4.0735908557264695
CGTCAAGACCTTCTA	CGTCAAGACCTTCTA_3	-3.9529800158112383	-4.085397622016969	-4.306017350084118	-4.229689661993399	-4.481076182304737
CGTCAAGACCTTCTA	CGTCAAGACCTTCTA_4	-3.787354190433722	-3.8590012446498925	-3.87405825412265	-4.123234331079113	-4.192280643057767
CGTCAAGACCTTCTA	CGTCAAGACCTTCTA_5	-4.038410211135864	-4.623788533475555	-4.5912530785648675	-4.194927555734187	-4.590220651729805
CGTCAAGACCTTCTA	CGTCAAGACCTTCTA_6	-3.9303160311752943	-4.031712763054193	-4.1039126586635195	-4.267478222882799	-4.532228704752119
CTAAGCAGTCTTCTC	CTAAGCAGTCTTCTC_0	-2.519896271257977	-2.5035138061960436	-2.4889173966920737	-2.4917464466225683	-2.5149344495657044
CTAAGCAGTCTTCTC	CTAAGCAGTCTTCTC_1	-2.3390627235236656	-2.3164870283682384	-2.338053582084427	-2.320758067772672	-2.296542476014713
CTAAGCAGTCTTCTC	CTAAGCAGTCTTCTC_2	-2.557216926393475	-2.5153465219179947	-2.456347746995378	-2.438271945726648	-2.398689796381901
CTAAGCAGTCTTCTC	CTAAGCAGTCTTCTC_3	-2.615520754520582	-2.4928702501118254	-2.514144841140108	-2.468974061712575	-2.5407257438211066
CTAAGCAGTCTTCTC	CTAAGCAGTCTTCTC_4	-2.612677572635042	-2.593299211327654	-2.6850720145957823	-2.6915210341190416	-2.7085914827174897
CTAAGCAGTCTTCTC	CTAAGCAGTCTTCTC_5	-2.6056500004942875	-2.5545915083345303	-2.5423121177745154	-2.5529960523685324	-2.4271445077376357
CTAAGCAGTCTTCTC	CTAAGCAGTCTTCTC_6	-2.378948748083519	-2.4324391559130425	-2.3448600243111732	-2.376397143363871	-2.3714226536180676
CTAAGTGTGAAGGAG	CTAAGTGTGAAGGAG_0	-4.057715366331251	-4.3429619238998605	-4.181078613475818	-4.07842198666275	-4.457595086455214
CTAAGTGTGAAGGAG	CTAAGTGTGAAGGAG_1	-3.6007974976998756	-3.767554127343338	-4.1039126586635195	-4.206208566143876	-5.259227432688381
CTAAGTGTGAAGGAG	CTAAGTGTGAAGGAG_2	-4.659775357659213	-6.0	-6.0	-6.0	-6.0
CTAAGTGTGAAGGAG	CTAAGTGTGAAGGAG_3	-4.00219803848142	-4.188059963914117	-4.1039126586635195	-4.338834131418467	-4.338408678736005
CTAAGTGTGAAGGAG	CTAAGTGTGAAGGAG_4	-4.038410211135864	-4.146667278755892	-4.169179390176111	-4.609900903705005	-4.590220651729805
CTAAGTGTGAAGGAG	CTAAGTGTGAAGGAG_5	-3.2714157628150304	-3.29782529760776	-3.0746232825615314	-3.0617162931598974	-3.0211813295595853
CTAAGTGTGAAGGAG	CTAAGTGTGAAGGAG_6	-4.798078055825495	-6.0	-6.0	-6.0	-6.0
CTACTTACAACGGAA	CTACTTACAACGGAA_0	-2.8875870542492463	-2.8313968439773007	-2.938040564789524	-2.929867718518386	-3.0145380721954966
CTACTTACAACGGAA	CTACTTACAACGGAA_1	-2.875093240116612	-2.920888235511103	-2.896647879631299	-2.967766269146731	-3.0783372907509308
CTACTTACAACGGAA	CTACTTACAACGGAA_2	-3.10019514713069	-3.1088787178664923	-3.2059021972008503	-3.1366573040485446	-3.132122634323573
CTACTTACAACGGAA	CTACTTACAACGGAA_3	-3.052808031836507	-3.075231617308072	-3.055236037869274	-3.07587479764887	-3.1419561370326163
CTACTTACAACGGAA	CTACTTACAACGGAA_4	-3.005686366327241	-2.9360164289410093	-3.0065988385767164	-2.8264737857876883	-2.8881595704166445
CTACTTACAACGGAA	CTACTTACAACGGAA_5	-2.923741220428127	-2.8556215039985116	-2.9534775349703706	-3.063358240226874	-3.061487546670232
CTACTTACAACGGAA	CTACTTACAACGGAA_6	-3.3810217567063843	-3.2886042615772677	-3.2917769109695083	-3.232109136116812	-3.202322581351908
CTAGTTGTATAGCCA	CTAGTTGTATAGCCA_0	-3.6637415448768147	-3.8870299682501357	-3.728780942481188	-4.424264326743094	-4.782106177968719
CTAGTTGTATAGCCA	CTAGTTGTATAGCCA_1	-3.561288956416202	-3.9839399812581924	-4.084168600467762	-4.940894122746429	-5.259227432688381
CTAGTTGTATAGCCA	CTAGTTGTATAGCCA_2	-3.137686957423028	-3.2886042615772677	-3.512071832517243	-3.5188204343576723	-3.5322287047521184
CTAGTTGTATAGCCA	CTAGTTGTATAGCCA_3	-3.9608053533231944	-4.434732297255506	-4.290223082900886	-5.3088709080410235	-6.0
CTAGTTGTATAGCCA	CTAGTTGTATAGCCA_4	-3.561288956416202	-3.9749851386052657	-5.260259859523443	-6.0	-6.0
CTAGTTGTATAGCCA	CTAGTTGTATAGCCA_5	-3.8146773176449567	-3.901753225070842	-4.306017350084118	-4.555543241382412	-4.374620851390451
CTAGTTGTATAGCCA	CTAGTTGTATAGCCA_6	-4.923016792433795	-6.0	-6.0	-6.0	-6.0
CTATCAAGGCTTAAT	CTATCAAGGCTTAAT_0	-3.1509396897623443	-3.292269215663673	-3.3949584334208995	-3.4827961053401975	-3.838721596117602
CTATCAAGGCTTAAT	CTATCAAGGCTTAAT_1	-3.274656781452863	-3.5648106735162166	-3.944989424744852	-4.581872180104762	-4.180046186640756
CTATCAAGGCTTAAT	CTATCAAGGCTTAAT_2	-3.2493816072931483	-3.427135115504984	-3.5700637794949297	-3.5454429144780866	-4.04615260737953
CTATCAAGGCTTAAT	CTATCAAGGCTTAAT_3	-3.5398000405824637	-3.6277547206931557	-4.290223082900886	-5.007840912377043	-4.736348687408043
CTATCAAGGCTTAAT	CTATCAAGGCTTAAT_4	-3.7517780361725257	-4.665181218633779	-4.232231135923199	-4.424264326743094	-4.289190656065824
CTATCAAGGCTTAAT	CTATCAAGGCTTAAT_5	-3.2895483368542084	-3.5008283628493424	-3.87405825412265	-4.053598402937718	-4.622405335101207
CTATCAAGGCTTAAT	CTATCAAGGCTTAAT_6	-3.23578519136902	-3.332742758718174	-3.6201098185873413	-3.609900903705005	-3.625758977108794
CTATGCATTTACTCA	CTATGCATTTACTCA_0	-3.4156107338096646	-3.528460651477373	-3.4725632912335693	-3.768958823461906	-4.037378683072024
CTATGCATTTACTCA	CTATGCATTTACTCA_1	-3.8146773176449567	-3.993083360698062	-3.9970184247488616	-4.424264326743094	-4.374620851390451
CTATGCATTTACTCA	CTATGCATTTACTCA_2	-4.358745361995232	-4.623788533475555	-5.4363511185791245	-6.0	-6.0
CTATGCATTTACTCA	CTATGCATTTACTCA_3	-3.7717491171031456	-3.8798513836230124	-4.290223082900886	-4.015140151118542	-3.980473831735552
CTATGCATTTACTCA	CTATGCATTTACTCA_4	-3.84383554638617	-3.9576110425358433	-4.561289855187424	-4.405780921049081	-5.736348687408043
CTATGCATTTACTCA	CTATGCATTTACTCA_5	-3.7820899504413648	-3.807848722202511	-4.482108609139799	-4.706810916713062	-4.891250647393786
CTATGCATTTACTCA	CTATGCATTTACTCA_6	-5.099108051489476	-6.0	-6.0	-6.0	-6.0
CTCGCTAATACTCCT	CTCGCTAATACTCCT_0	-2.519896271257977	-2.496683735110747	-2.4315999629881233	-2.4167763053505436	-2.3337434454881283
CTCGCTAATACTCCT	CTCGCTAATACTCCT_1	-2.1960180644975327	-2.173679452396453	-2.1839836041192258	-2.1330692751927445	-2.112376175391047
CTCGCTAATACTCCT	CTCGCTAATACTCCT_2	-2.649629652302111	-2.571059622793218	-2.5379001993807497	-2.4981904328304605	-2.4920715666062003
CTCGCTAATACTCCT	CTCGCTAATACTCCT_3	-2.3390627235236656	-2.2662001519756485	-2.2953719551021536	-2.194927555734187	-2.1516783029436946
CTCGCTAATACTCCT	CTCGCTAATACTCCT_4	-2.5909151254640355	-2.5275106813970245	-2.535165338441974	-2.5176482488096217	-2.4401224001468824
CTCGCTAATACTCCT	CTCGCTAATACTCCT_5	-2.3077683475243367	-2.228382708401976	-2.2043720917476204	-2.269192458679062	-2.2208722460256674
CTCGCTAATACTCCT	CTCGCTAATACTCCT_6	-2.3707542694682475	-2.3665464355093437	-2.2637481873692646	-2.230414089987731	-2.1661561263123175
CTCTTGAGAATACTT	CTCTTGAGAATACTT_0	-2.6363358230788645	-2.632159773950869	-2.6732976782795097	-2.7249168391308944	-2.6652033969569606
CTCTTGAGAATACTT	CTCTTGAGAATACTT_1	-2.833700554958387	-2.946679529766505	-2.991525919069377	-3.0716624030154533	-3.2534751037992895
CTCTTGAGAATACTT	CTCTTGAGAATACTT_2	-2.856690867071757	-2.902502654906343	-3.054334076004256	-3.147502905806049	-3.5545050994632708
CTCTTGAGAATACTT	CTCTTGAGAATACTT_3	-2.921571551559614	-3.1519636185658406	-3.633577393287149	-3.729087311424214	-3.9959859979137993
CTCTTGAGAATACTT	CTCTTGAGAATACTT_4	-2.946055776422367	-3.075231617308072	-3.2162430305390695	-3.5004348537529126	-3.414129392674124
CTCTTGAGAATACTT	CTCTTGAGAATACTT_5	-2.7857682076051686	-2.895803892557641	-2.9769586308198934	-3.0741849337194953	-3.066102834333919
CTCTTGAGAATACTT	CTCTTGAGAATACTT_6	-3.189284681838564	-3.398009490230766	-3.5975020278418692	-3.8829021757687427	-4.028778511310107
CTGATTTGTGCTGTC	CTGATTTGTGCTGTC_0	-4.182654102939551	-4.173819524799507	-4.084168600467762	-6.0	-6.0
CTGATTTGTGCTGTC	CTGATTTGTGCTGTC_1	-3.84383554638617	-3.5648106735162166	-3.3157771873732744	-3.124179477223425	-3.061487546670232
CTGATTTGTGCTGTC	CTGATTTGTGCTGTC_2	-3.441096654832364	-3.4296527717262304	-3.438528037833399	-3.1515148925999545	-2.8875439863562393
CTGATTTGTGCTGTC	CTGATTTGTGCTGTC_3	-3.6480895993340186	-3.5859999725861544	-4.169179390176111	-4.882902175768742	-4.9581974370244
CTGATTTGTGCTGTC	CTGATTTGTGCTGTC_4	-4.5872246905106016	-6.0	-6.0	-6.0	-6.0
CTGATTTGTGCTGTC	CTGATTTGTGCTGTC_5	-3.269804278658451	-3.338845357705028	-3.1507938095713506	-2.938419503618574	-2.8008414215833306
CTGATTTGTGCTGTC	CTGATTTGTGCTGTC_6	-4.1329663187504435	-4.2027832207348235	-4.375653278225513	-4.555543241382412	-4.055107450032456
CTTGATCAATCAAAA	CTTGATCAATCAAAA_0	-2.3328811579153075	-2.3186326600853056	-2.388492391171668	-2.418077423966934	-2.4364057873852762
CTTGATCAATCAAAA	CTTGATCAATCAAAA_1	-2.260101636178175	-2.302698743882605	-2.3094084006348967	-2.3471335033401246	-2.4201685885145907
CTTGATCAATCAAAA	CTTGATCAATCAAAA_2	-2.391963863147031	-2.3882600865680055	-2.4916217582758287	-2.5285535959008727	-2.5964696010068065
CTTGATCAATCAAAA	CTTGATCAATCAAAA_3	-2.594977145554023	-2.5766907484513832	-2.723701416951913	-2.7465780435845493	-2.865944782129016
CTTGATCAATCAAAA	CTTGATCAATCAAAA_4	-2.3621143071082993	-2.3702743080285873	-2.4051446987516623	-2.4860492627379194	-2.5316861756598246
CTTGATCAATCAAAA	CTTGATCAATCAAAA_5	-2.31502593388662	-2.289700504015207	-2.326772571674738	-2.438271945726648	-2.5539340349734894
CTTGATCAATCAAAA	CTTGATCAATCAAAA_6	-2.4818455343981016	-2.5278271072630467	-2.502863830730419	-2.5358162146767613	-2.600262590023946
CTTGATGGCTGAAAG	CTTGATGGCTGAAAG_0	-4.856070002803182	-6.0	-6.0	-6.0	-6.0
CTTGATGGCTGAAAG	CTTGATGGCTGAAAG_1	-4.856070002803182	-6.0	-6.0	-6.0	-6.0
CTTGATGGCTGAAAG	CTTGATGGCTGAAAG_2	-3.787354190433722	-4.031712763054193	-4.065283256307388	-4.104750925385099	-4.102880231828457
CTTGATGGCTGAAAG	CTTGATGGCTGAAAG_3	-4.4970480601615135	-6.0	-6.0	-6.0	-6.0
CTTGATGGCTGAAAG	CTTGATGGCTGAAAG_4	-4.746925533378113	-6.0	-6.0	-6.0	-6.0
CTTGATGGCTGAAAG	CTTGATGGCTGAAAG_5	-4.7011680428174385	-6.0	-6.0	-6.0	-6.0
CTTGATGGCTGAAAG	CTTGATGGCTGAAAG_6	-4.621986796769813	-6.0	-6.0	-6.0	-6.0
CTTGCAAGTGTAATT	CTTGCAAGTGTAATT_0	-3.077918752419538	-3.2886042615772677	-3.2646246649258934	-3.3828716415848685	-3.281503827399533
CTTGCAAGTGTAATT	CTTGCAAGTGTAATT_1	-2.8390366635044013	-2.928784716357137	-3.0131052446423165	-3.232109136116812	-3.2799826542790003
CTTGCAAGTGTAATT	CTTGCAAGTGTAATT_2	-3.1213844462006284	-3.1654941360153757	-3.224163514175167	-3.396826078396154	-3.268001356995886
CTTGCAAGTGTAATT	CTTGCAAGTGTAATT_3	-3.029070184881721	-2.9949353655596553	-3.1396859283175935	-3.2177904386936915	-3.3017797833738443
CTTGCAAGTGTAATT	CTTGCAAGTGTAATT_4	-3.255563839543841	-3.2996932337428797	-3.3775456319032178	-3.5380188963988797	-3.5110394056821805
CTTGCAAGTGTAATT	CTTGCAAGTGTAATT_5	-3.0318511622513262	-3.188059963914117	-3.3224077662722875	-3.3611105261296195	-3.399888953559514
CTTGCAAGTGTAATT	CTTGCAAGTGTAATT_6	-3.4224144418646096	-3.3707149924721866	-3.3756532782255126	-3.7032067924442362	-3.727748515646126
CTTTCTTGTGTATTT	CTTTCTTGTGTATTT_0	-4.224046788097776	-6.0	-6.0	-6.0	-6.0
CTTTCTTGTGTATTT	CTTTCTTGTGTATTT_1	-3.8261067794257384	-3.7901199552420795	-4.357169872531499	-3.893897560070206	-3.817270595031969
CTTTCTTGTGTATTT	CTTTCTTGTGTATTT_2	-4.378948748083519	-6.0	-6.0	-6.0	-6.0
CTTTCTTGTGTATTT	CTTTCTTGTGTATTT_3	-4.400138047153457	-6.0	-6.0	-6.0	-6.0
CTTTCTTGTGTATTT	CTTTCTTGTGTATTT_4	-4.144865542050152	-6.0	-6.0	-6.0	-6.0
CTTTCTTGTGTATTT	CTTTCTTGTGTATTT_5	-4.238770044918482	-5.665181218633779	-6.0	-6.0	-6.0
CTTTCTTGTGTATTT	CTTTCTTGTGTATTT_6	-4.320956801105832	-5.188059963914117	-6.0	-6.0	-6.0
GAACTCAGGTTCCAT	GAACTCAGGTTCCAT_0	-3.6841347035186582	-3.678409484367535	-3.733059740460463	-3.615730447365729	-3.838721596117602
GAACTCAGGTTCCAT	GAACTCAGGTTCCAT_1	-3.0272260441833505	-3.0062163759693443	-2.973204981852775	-3.0393579638231074	-3.139751591781583
GAACTCAGGTTCCAT	GAACTCAGGTTCCAT_2	-3.0048116540841066	-3.0090830166209477	-2.944989424744852	-3.0248163496049547	-3.0039549275850748
GAACTCAGGTTCCAT	GAACTCAGGTTCCAT_3	-2.8342902284799396	-2.9767613966310686	-2.947095950209864	-2.9573322662253663	-3.066102834333919
GAACTCAGGTTCCAT	GAACTCAGGTTCCAT_4	-3.3155617692191264	-3.29782529760776	-3.370025193217087	-3.38979281566495	-3.268001356995886
GAACTCAGGTTCCAT	GAACTCAGGTTCCAT_5	-3.448315011837545	-3.3053457362938916	-3.6510212835683573	-3.893897560070206	-4.321375339437226
GAACTCAGGTTCCAT	GAACTCAGGTTCCAT_6	-3.5398000405824637	-3.6874576133449315	-3.813101828181224	-4.484962167096705	-4.657167441360419
GAGAATGAAGGACAG	GAGAATGAAGGACAG_0	-2.5294415891642075	-2.4821962516301976	-2.4792229209023113	-2.5290340101997546	-2.5333158003933325
GAGAATGAAGGACAG	GAGAATGAAGGACAG_1	-2.390687151354763	-2.312612832454471	-2.3467992356926706	-2.3166120269107613	-2.3581325376581654
GAGAATGAAGGACAG	GAGAATGAAGGACAG_2	-2.34190187821069	-2.3241425869562566	-2.326772571674738	-2.3210557336389535	-2.3868768881936577
GAGAATGAAGGACAG	GAGAATGAAGGACAG_3	-2.259944368574826	-2.226006478790311	-2.194182528605459	-2.2282444211192183	-2.2061489892049613
GAGAATGAAGGACAG	GAGAATGAAGGACAG_4	-2.420589672449362	-2.3689549313726186	-2.3318640072667294	-2.366532089974616	-2.2938689183435947
GAGAATGAAGGACAG	GAGAATGAAGGACAG_5	-2.69986710979702	-2.6071349882384975	-2.6138561333003736	-2.609033182173778	-2.6167629124462595
GAGAATGAAGGACAG	GAGAATGAAGGACAG_6	-2.515342683204476	-2.5062159582503694	-2.535165338441974	-2.5824153877827136	-2.611518537994184
GAGTGCTTCAAAGTT	GAGTGCTTCAAAGTT_0	-2.6419834251860674	-2.7133581833178675	-2.720765566685928	-2.8474724375841944	-2.9524451081353082
GAGTGCTTCAAAGTT	GAGTGCTTCAAAGTT_1	-2.7440398451406254	-2.7719744655739316	-2.7007522188809445	-2.722283603369269	-2.7222483658884227
GAGTGCTTCAAAGTT	GAGTGCTTCAAAGTT_2	-2.7932195212051663	-2.8263321278965243	-2.896021643788251	-2.852504874911981	-2.828937326633457
GAGTGCTTCAAAGTT	GAGTGCTTCAAAGTT_3	-3.0021980384814198	-3.0534579106264377	-3.0662082715280223	-3.0861544368934406	-3.0506069488057794
GAGTGCTTCAAAGTT	GAGTGCTTCAAAGTT_4	-2.945293187144947	-2.858323189114962	-2.855426142903505	-2.9402741447940275	-3.0524015566565312
GAGTGCTTCAAAGTT	GAGTGCTTCAAAGTT_5	-3.322770141869301	-3.3751466072712613	-3.3794462672426517	-3.463772868026767	-3.5008202405004942
GAGTGCTTCAAAGTT	GAGTGCTTCAAAGTT_6	-2.95453384387986	-3.0129348776304563	-3.0643602071142095	-3.052794897654117	-3.023698985780832
GCAAGAAAGAAACCC	GCAAGAAAGAAACCC_0	-3.7717491171031456	-4.002423386952206	-4.458627513290277	-5.007840912377043	-4.9581974370244
GCAAGAAAGAAACCC	GCAAGAAAGAAACCC_1	-4.746925533378113	-6.0	-6.0	-6.0	-6.0
GCAAGAAAGAAACCC	GCAAGAAAGAAACCC_2	-3.7280401892177397	-3.9409053490329904	-3.9665291026009615	-3.7068109167130614	-3.879016190976775
GCAAGAAAGAAACCC	GCAAGAAAGAAACCC_3	-3.937740049254501	-4.011968704858436	-6.0	-6.0	-6.0
GCAAGAAAGAAACCC	GCAAGAAAGAAACCC_4	-4.144865542050152	-4.96621121429776	-4.69598842908488	-4.67204881045385	-4.481076182304737
GCAAGAAAGAAACCC	GCAAGAAAGAAACCC_5	-3.849909694098363	-3.813922869914704	-4.169179390176111	-4.123234331079113	-4.0831361736327
GCAAGAAAGAAACCC	GCAAGAAAGAAACCC_6	-4.798078055825495	-6.0	-6.0	-6.0	-6.0
GCCCTCGAAACCTAT	GCCCTCGAAACCTAT_0	-4.110103435790939	-4.710938709194455	-3.8861227655240302	-4.5307196576573805	-6.0
GCCCTCGAAACCTAT	GCCCTCGAAACCTAT_1	-3.7099419671249434	-4.188059963914117	-4.084168600467762	-4.32359416486173	-4.244986993573771
GCCCTCGAAACCTAT	GCCCTCGAAACCTAT_2	-3.5872246905106016	-3.557971248985911	-4.056139876867518	-4.294630468926414	-4.532228704752119
GCCCTCGAAACCTAT	GCCCTCGAAACCTAT_3	-3.172251342539784	-3.3729251472773036	-3.2281785919120027	-3.338834131418467	-3.5460169892377515
GCCCTCGAAACCTAT	GCCCTCGAAACCTAT_4	-3.8623189520801833	-3.966211214297761	-3.6439594290808706	-3.658887364395879	-4.204869770365788
GCCCTCGAAACCTAT	GCCCTCGAAACCTAT_5	-4.320956801105832	-5.665181218633779	-4.290223082900886	-4.294630468926414	-5.13428869608008
GCCCTCGAAACCTAT	GCCCTCGAAACCTAT_6	-3.820354450536647	-3.8456372830919108	-4.047185034214592	-4.744599477602462	-4.505899766029769
GCTAATTTCAAGAAT	GCTAATTTCAAGAAT_0	-4.621986796769813	-6.0	-6.0	-6.0	-6.0
GCTAATTTCAAGAAT	GCTAATTTCAAGAAT_1	-4.659775357659213	-6.0	-6.0	-6.0	-6.0
GCTAATTTCAAGAAT	GCTAATTTCAAGAAT_2	-4.746925533378113	-6.0	-6.0	-6.0	-6.0
GCTAATTTCAAGAAT	GCTAATTTCAAGAAT_3	-4.5872246905106016	-6.0	-6.0	-6.0	-6.0
GCTAATTTCAAGAAT	GCTAATTTCAAGAAT_4	-4.798078055825495	-6.0	-6.0	-6.0	-6.0
GCTAATTTCAAGAAT	GCTAATTTCAAGAAT_5	-4.621986796769813	-6.0	-6.0	-6.0	-6.0
GCTAATTTCAAGAAT	GCTAATTTCAAGAAT_6	-4.923016792433795	-5.665181218633779	-6.0	-6.0	-6.0
GCTGCGGAGCCTCAG	GCTGCGGAGCCTCAG_0	-4.1329663187504435	-5.665181218633779	-6.0	-6.0	-6.0
GCTGCGGAGCCTCAG	GCTGCGGAGCCTCAG_1	-4.400138047153457	-4.489089959578098	-6.0	-6.0	-6.0
GCTGCGGAGCCTCAG	GCTGCGGAGCCTCAG_2	-4.42241444186461	-4.887029968250136	-6.0	-6.0	-6.0
GCTGCGGAGCCTCAG	GCTGCGGAGCCTCAG_3	-4.358745361995232	-6.0	-6.0	-6.0	-6.0
GCTGCGGAGCCTCAG	GCTGCGGAGCCTCAG_4	-4.621986796769813	-6.0	-6.0	-6.0	-6.0
GCTGCGGAGCCTCAG	GCTGCGGAGCCTCAG_5	-4.525076783761757	-6.0	-6.0	-6.0	-6.0
GCTGCGGAGCCTCAG	GCTGCGGAGCCTCAG_6	-4.088384186097703	-5.0631212273058175	-4.892283074228849	-4.831749653321362	-4.657167441360419
GCTGCTTATGAGGAT	GCTGCTTATGAGGAT_0	-2.8744455226484464	-3.0534579106264377	-2.9442895140665253	-2.9704144144364193	-2.953876063241757
GCTGCTTATGAGGAT	GCTGCTTATGAGGAT_1	-2.7373802154718834	-2.7357622929194867	-2.73868595593145	-2.6804819779907123	-2.6794438360715707
GCTGCTTATGAGGAT	GCTGCTTATGAGGAT_2	-2.8062983860721857	-2.701393391288224	-2.743063961573469	-2.68390163724885	-2.664834882312954
GCTGCTTATGAGGAT	GCTGCTTATGAGGAT_3	-2.582903316727959	-2.6044833782801677	-2.6204414676923498	-2.5372834271597684	-2.4789101205482296
GCTGCTTATGAGGAT	GCTGCTTATGAGGAT_4	-2.4876502858211333	-2.5377524407821808	-2.4916217582758287	-2.4693928606668254	-2.419539935355021
GCTGCTTATGAGGAT	GCTGCTTATGAGGAT_5	-2.482370044705701	-2.5234179883579912	-2.498582551529189	-2.4284384430176047	-2.3943209993205716
GCTGCTTATGAGGAT	GCTGCTTATGAGGAT_6	-2.8209262669219584	-2.9085451103879314	-2.903596739586627	-2.8504848969359737	-2.7442371996210935
GGTGGAAGTAGCAGT	GGTGGAAGTAGCAGT_0	-3.5164766119998396	-3.525302132232543	-3.5612898551874244	-3.841509490610518	-4.04615260737953
GGTGGAAGTAGCAGT	GGTGGAAGTAGCAGT_1	-3.4758587610915757	-3.6439919195638413	-3.989193087236905	-4.037804135754486	-4.037378683072024
GGTGGAAGTAGCAGT	GGTGGAAGTAGCAGT_2	-4.798078055825495	-6.0	-6.0	-6.0	-6.0
GGTGGAAGTAGCAGT	GGTGGAAGTAGCAGT_3	-4.746925533378113	-6.0	-6.0	-6.0	-6.0
GGTGGAAGTAGCAGT	GGTGGAAGTAGCAGT_4	-3.1787238093111188	-3.336801615195042	-3.4655395077066067	-3.8775071438820365	-4.092896010921856
GGTGGAAGTAGCAGT	GGTGGAAGTAGCAGT_5	-3.374832181888687	-3.6481478793349993	-3.5146646430955224	-3.5235410730302568	-3.6681628256618817
GGTGGAAGTAGCAGT	GGTGGAAGTAGCAGT_6	-4.856070002803182	-4.820083178619523	-6.0	-6.0	-6.0
GGTTGCCCAGAAGTA	GGTTGCCCAGAAGTA_0	-3.1179692688488156	-3.146667278755892	-3.0784162715786705	-2.9560454668190506	-2.8578268919068366
GGTTGCCCAGAAGTA	GGTTGCCCAGAAGTA_1	-3.1023775360543233	-3.052397361914044	-2.978469221845132	-2.9086208168909122	-2.865944782129016
GGTTGCCCAGAAGTA	GGTTGCCCAGAAGTA_2	-3.1317941332023924	-3.0398687676721057	-3.0122865931616367	-2.884533841364574	-2.7193153481092627
GGTTGCCCAGAAGTA	GGTTGCCCAGAAGTA_3	-2.948351611629167	-2.8397551008659563	-2.798361337794439	-2.769376615203509	-2.7522716535052125
GGTTGCCCAGAAGTA	GGTTGCCCAGAAGTA_4	-3.2714157628150304	-3.0347533436087555	-2.940806781032676	-2.832715826093382	-2.769268953263546
GGTTGCCCAGAAGTA	GGTTGCCCAGAAGTA_5	-2.837250665859578	-2.725661966015161	-2.60576244989398	-2.513918375260676	-2.495549916290712
GGTTGCCCAGAAGTA	GGTTGCCCAGAAGTA_6	-3.644263191480966	-3.6121027751503596	-3.477309726258031	-3.3726923986794346	-3.286099579088682
GTAATCTGACTCTAG	GTAATCTGACTCTAG_0	-3.5905783325181897	-3.4556662040911483	-3.320740606904825	-3.49373609140421	-3.5545050994632708
GTAATCTGACTCTAG	GTAATCTGACTCTAG_1	-3.508043444462977	-3.8018583585133237	-3.9520512792323386	-4.173208306040951	-4.092896010921856
GTAATCTGACTCTAG	GTAATCTGACTCTAG_2	-4.269804278658452	-4.623788533475555	-5.737381114243106	-6.0	-6.0
GTAATCTGACTCTAG	GTAATCTGACTCTAG_3	-3.71889680977787	-3.7786904934612977	-4.056139876867518	-5.087022158424667	-4.6949560022498185
GTAATCTGACTCTAG	GTAATCTGACTCTAG_4	-3.519324454872666	-3.7786904934612977	-4.021377770608306	-4.555543241382412	-4.782106177968719
GTAATCTGACTCTAG	GTAATCTGACTCTAG_5	-3.3413325604775506	-3.682909985594211	-3.7551098812035373	-4.254513245718432	-4.3561374456964375
GTAATCTGACTCTAG	GTAATCTGACTCTAG_6	-3.7326850942635033	-3.8263321278965243	-5.737381114243106	-6.0	-6.0
GTACAAGAAATTTTG	GTACAAGAAATTTTG_0	-3.8261067794257384	-4.108878717866492	-3.9815062585706142	-4.142539486274499	-4.3561374456964375
GTACAAGAAATTTTG	GTACAAGAAATTTTG_1	-3.0030674971940483	-2.8637775086164243	-2.8542877556674155	-2.7545836985090624	-2.6756508470544316
GTACAAGAAATTTTG	GTACAAGAAATTTTG_2	-3.7517780361725257	-4.284969976922174	-4.260259859523443	-4.24192411841041	-4.435318691744062
GTACAAGAAATTTTG	GTACAAGAAATTTTG_3	-3.436350219807902	-3.5221664183796846	-3.7161918151731674	-3.467928827797925	-3.4883754210462365
GTACAAGAAATTTTG	GTACAAGAAATTTTG_4	-3.96877428299447	-4.0741166116072804	-4.074623282561531	-4.229689661993399	-4.505899766029769
GTACAAGAAATTTTG	GTACAAGAAATTTTG_5	-3.7717491171031456	-3.5752761071943815	-3.5881620015877256	-3.5764771482180553	-3.715159388338105
GTACAAGAAATTTTG	GTACAAGAAATTTTG_6	-3.368729582901833	-3.284969976922173	-3.1364082185563573	-3.1395884365376165	-3.189806023929912
GTCACCGGCACTAAC	GTCACCGGCACTAAC_0	-3.211209563392604	-3.127362123560505	-3.0255738852019145	-2.91151034506122	-2.92010738741626
GTCACCGGCACTAAC	GTCACCGGCACTAAC_1	-3.1658739227746677	-3.094638278751882	-3.1847128981309125	-3.2444129188141053	-3.221800934747757
GTCACCGGCACTAAC	GTCACCGGCACTAAC_2	-4.0479555290420945	-3.9749851386052657	-4.146316507216606	-6.0	-6.0
GTCACCGGCACTAAC	GTCACCGGCACTAAC_3	-4.525076783761757	-6.0	-6.0	-6.0	-6.0
GTCACCGGCACTAAC	GTCACCGGCACTAAC_4	-3.9303160311752943	-4.623788533475555	-4.021377770608306	-5.007840912377043	-5.259227432688381
GTCACCGGCACTAAC	GTCACCGGCACTAAC_5	-2.929580561936183	-2.8301251169136634	-2.7382505729557347	-2.6505414634151725	-2.649633023463161
GTCACCGGCACTAAC	GTCACCGGCACTAAC_6	-4.659775357659213	-6.0	-6.0	-6.0	-6.0
GTGTGATTACTAAAT	GTGTGATTACTAAAT_0	-3.4810599547773835	-3.656581046871862	-3.6843026707596858	-3.9664482272188177	-3.910273884707217
GTGTGATTACTAAAT	GTGTGATTACTAAAT_1	-3.310232935714059	-3.4398719369079167	-3.5730282584586686	-3.8883650714702447	-3.8612874240163433
GTGTGATTACTAAAT	GTGTGATTACTAAAT_2	-3.424706238644194	-3.528460651477373	-3.9520512792323386	-3.973078806117831	-4.012072817807254
GTGTGATTACTAAAT	GTGTGATTACTAAAT_3	-3.3014943213364	-3.916993191627579	-4.306017350084118	-4.831749653321362	-4.622405335101207
GTGTGATTACTAAAT	GTGTGATTACTAAAT_4	-3.221161099860288	-3.593299211327654	-3.733059740460463	-4.022564169197749	-4.532228704752119
GTGTGATTACTAAAT	GTGTGATTACTAAAT_5	-3.618382672500988	-3.8590012446498925	-4.084168600467762	-4.254513245718432	-4.891250647393786
GTGTGATTACTAAAT	GTGTGATTACTAAAT_6	-3.6841347035186582	-3.909306362961288	-4.357169872531499	-4.785992162760686	-4.321375339437226
GTTAAATCAACAGTT	GTTAAATCAACAGTT_0	-2.9087763533191846	-2.884863906493628	-2.9132552803265566	-2.9011967988117053	-2.978194065440653
GTTAAATCAACAGTT	GTTAAATCAACAGTT_1	-2.7763720470195263	-2.8892068875044106	-2.905511339962604	-2.8307856252187444	-2.8146622119244413
GTTAAATCAACAGTT	GTTAAATCAACAGTT_2	-2.6370846068538425	-2.7133581833178675	-2.6332355636890976	-2.7144783576655973	-2.8820426456069628
GTTAAATCAACAGTT	GTTAAATCAACAGTT_3	-2.6661387606150706	-2.6856328439296844	-2.7313431592457884	-2.788605778363373	-2.8008414215833306
GTTAAATCAACAGTT	GTTAAATCAACAGTT_4	-3.073802186224706	-3.062036846013597	-3.02641799524783	-3.1679440660485936	-3.1018714172473114
GTTAAATCAACAGTT	GTTAAATCAACAGTT_5	-2.8348807037332433	-2.7153035145969047	-2.7007522188809445	-2.788169082014961	-2.867116967677067
GTTAAATCAACAGTT	GTTAAATCAACAGTT_6	-2.934755195705039	-2.846955325019824	-2.855996457472533	-2.95093606104057	-3.0296309050712846
GTTCAGCTTTGATCG	GTTCAGCTTTGATCG_0	-3.937740049254501	-4.551237866326943	-4.834291127251162	-6.0	-6.0
GTTCAGCTTTGATCG	GTTCAGCTTTGATCG_1	-2.3569723269460034	-2.563434144687413	-2.751954640160104	-2.780382717400406	-2.818318350623163
GTTCAGCTTTGATCG	GTTCAGCTTTGATCG_2	-2.2489214682970013	-2.470389460911855	-2.666235823792023	-2.820790461734774	-2.9873858261518818
GTTCAGCTTTGATCG	GTTCAGCTTTGATCG_3	-2.256342843307691	-2.471778315571362	-2.5890870168083597	-2.7144783576655973	-2.8074409971640906
GTTCAGCTTTGATCG	GTTCAGCTTTGATCG_4	-2.0759585174355575	-2.2822640835462487	-2.3809727872041244	-2.5249673287682888	-2.6918089270156322
GTTCAGCTTTGATCG	GTTCAGCTTTGATCG_5	-2.074622383790309	-2.265161583568621	-2.298048420412843	-2.3474498139745754	-2.428211308770005
GTTCAGCTTTGATCG	GTTCAGCTTTGATCG_6	-2.3896260844162436	-2.605996601002408	-2.6732976782795097	-2.7677078543341556	-2.9070449145770185
GTTGAACTGGTTGTT	GTTGAACTGGTTGTT_0	-3.4111334314549207	-3.7061398263126857	-3.9970184247488616	-4.142539486274499	-6.0
GTTGAACTGGTTGTT	GTTGAACTGGTTGTT_1	-3.6841347035186582	-3.9409053490329904	-4.3224077662722875	-4.44356948193848	-4.891250647393786
GTTGAACTGGTTGTT	GTTGAACTGGTTGTT_2	-3.1960180644975322	-3.368516028372248	-3.567119398848148	-3.7992204284944413	-3.7495769531417986
GTTGAACTGGTTGTT	GTTGAACTGGTTGTT_3	-3.0403025648135693	-3.201288229647872	-3.2855946787188155	-3.313235713443474	-3.5084619827943695
GTTGAACTGGTTGTT	GTTGAACTGGTTGTT_4	-2.971193757117883	-3.0227166983916582	-3.2810150811140626	-3.3265996750014555	-3.694956002249818
GTTGAACTGGTTGTT	GTTGAACTGGTTGTT_5	-4.121384446200628	-3.9749851386052657	-4.084168600467762	-4.1525237071811	-5.13428869608008
GTTGAACTGGTTGTT	GTTGAACTGGTTGTT_6	-3.651950020147257	-3.639875353369009	-3.8288960953644557	-4.142539486274499	-4.156565090791233
GTTGGGCGCTTAAAG	GTTGGGCGCTTAAAG_0	-2.3462916203012045	-2.3155152345371497	-2.2681483717364936	-2.2275236002368914	-2.2366616047896395
GTTGGGCGCTTAAAG	GTTGGGCGCTTAAAG_1	-2.7373802154718834	-2.7157912119888667	-2.708403409034328	-2.789042914265305	-2.7193153481092627
GTTGGGCGCTTAAAG	GTTGGGCGCTTAAAG_2	-2.4643789434081453	-2.4360115160946787	-2.5005920148338125	-2.446143379723049	-2.5056443737954743
GTTGGGCGCTTAAAG	GTTGGGCGCTTAAAG_3	-2.4554086868501614	-2.403680445435499	-2.3276170099767595	-2.3519025243427953	-2.332199438198348
GTTGGGCGCTTAAAG	GTTGGGCGCTTAAAG_4	-2.4045028525559076	-2.3848305255877738	-2.395353426155634	-2.3668628550187107	-2.3563184394402126
GTTGGGCGCTTAAAG	GTTGGGCGCTTAAAG_5	-2.357759449013581	-2.2518814545525276	-2.2749831163441496	-2.1876394528914025	-2.22795365427499
GTTGGGCGCTTAAAG	GTTGGGCGCTTAAAG_6	-2.648858943170115	-2.639875353369009	-2.585092769860049	-2.5299964360382843	-2.5655004837647337
GTTTAGCTTCCGTTG	GTTTAGCTTCCGTTG_0	-3.564447475661032	-3.773086615943299	-3.9665291026009615	-4.162742872362786	-6.0
GTTTAGCTTCCGTTG	GTTTAGCTTCCGTTG_1	-3.4458955377141325	-3.6695460240362294	-4.623437761936269	-4.831749653321362	-4.657167441360419
GTTTAGCTTCCGTTG	GTTTAGCTTCCGTTG_2	-2.9288463360945185	-2.9593175063498602	-2.9093660500191287	-2.8484742707433397	-2.8875439863562393
GTTTAGCTTCCGTTG	GTTTAGCTTCCGTTG_3	-3.135320224143921	-3.4051098306487044	-3.6474760028037077	-4.095796082732172	-4.180046186640756
GTTTAGCTTCCGTTG	GTTTAGCTTCCGTTG_4	-3.8949880688335514	-3.9576110425358433	-4.074623282561531	-4.744599477602462	-6.0
GTTTAGCTTCCGTTG	GTTTAGCTTCCGTTG_5	-3.4001380471534572	-3.720698546483611	-3.759657508954258	-4.0699888191258875	-4.180046186640756
GTTTAGCTTCCGTTG	GTTTAGCTTCCGTTG_6	-3.291234919486144	-3.4919949502215055	-3.640471101235049	-3.717806301014525	-3.9959859979137993
GTTTGTTTTGGGAAA	GTTTGTTTTGGGAAA_0	-2.9537562349310154	-3.384147851386052	-4.169179390176111	-4.371018814789869	-5.736348687408043
GTTTGTTTTGGGAAA	GTTTGTTTTGGGAAA_1	-3.0030674971940483	-3.301569238741635	-3.9815062585706142	-4.388052154088649	-4.414129392674124
GTTTGTTTTGGGAAA	GTTTGTTTTGGGAAA_2	-3.3936720049042255	-3.639875353369009	-4.375653278225513	-5.785992162760686	-5.259227432688381
GTTTGTTTTGGGAAA	GTTTGTTTTGGGAAA_3	-2.7239018303901457	-3.0609551655493092	-3.4069673408939147	-3.9167604430297103	-4.393926006585837
GTTTGTTTTGGGAAA	GTTTGTTTTGGGAAA_4	-2.6820517523703655	-2.974099726510811	-3.4968318659605058	-3.8617128766988045	-4.25922743268838
GTTTGTTTTGGGAAA	GTTTGTTTTGGGAAA_5	-2.9354994880584244	-3.0899933737061183	-3.479702539373921	-3.437687299712526	-3.403910227492438
GTTTGTTTTGGGAAA	GTTTGTTTTGGGAAA_6	-2.6820517523703655	-2.9949353655596553	-3.813101828181224	-4.229689661993399	-4.622405335101207
TAACCTCGCGCTGAG	TAACCTCGCGCTGAG_0	-2.731752130463457	-2.651501521342587	-2.75105733719234	-2.7271866760847794	-2.6141328091352167
TAACCTCGCGCTGAG	TAACCTCGCGCTGAG_1	-3.1933121711216077	-3.2164748987286997	-3.209751213371767	-3.085288445615667	-3.1130993970101426
TAACCTCGCGCTGAG	TAACCTCGCGCTGAG_2	-3.2980475216416205	-3.2195770153601817	-3.2675590982649427	-3.260947355723841	-3.191041570942219
TAACCTCGCGCTGAG	TAACCTCGCGCTGAG_3	-2.6419834251860674	-2.611334791781527	-2.4737450456549976	-2.3791114927115617	-2.392546354246388
TAACCTCGCGCTGAG	TAACCTCGCGCTGAG_4	-2.613386625007896	-2.5181235476054193	-2.4709142188028643	-2.36901899015765	-2.2938689183435947
TAACCTCGCGCTGAG	TAACCTCGCGCTGAG_5	-2.7556994576856186	-2.6423406077572515	-2.547610157896232	-2.438271945726648	-2.3849389354826043
TAACCTCGCGCTGAG	TAACCTCGCGCTGAG_6	-2.8462550205095827	-2.7681042154243594	-2.7378156260171234	-2.729849900701634	-2.5914632691209007
TAATATTGTTTTGCG	TAATATTGTTTTGCG_0	-4.400138047153457	-5.188059963914117	-5.135321122915143	-6.0	-6.0
TAATATTGTTTTGCG	TAATATTGTTTTGCG_1	-4.358745361995232	-4.710938709194455	-5.737381114243106	-6.0	-6.0
TAATATTGTTTTGCG	TAATATTGTTTTGCG_2	-3.9935978667195022	-4.710938709194455	-5.135321122915143	-6.0	-6.0
TAATATTGTTTTGCG	TAATATTGTTTTGCG_3	-4.621986796769813	-5.665181218633779	-6.0	-6.0	-6.0
TAATATTGTTTTGCG	TAATATTGTTTTGCG_4	-3.96877428299447	-4.085397622016969	-4.157597517626296	-4.338834131418467	-5.13428869608008
TAATATTGTTTTGCG	TAATATTGTTTTGCG_5	-4.019926805441851	-4.4099087135304735	-5.260259859523443	-6.0	-6.0
TAATATTGTTTTGCG	TAATATTGTTTTGCG_6	-3.820354450536647	-4.38642761768095	-4.181078613475818	-4.882902175768742	-5.736348687408043
TACACCAATTACACT	TACACCAATTACACT_0	-4.1329663187504435	-4.519053182955542	-5.4363511185791245	-6.0	-6.0
TACACCAATTACACT	TACACCAATTACACT_1	-4.029070184881721	-4.96621121429776	-4.623437761936269	-5.007840912377043	-6.0
TACACCAATTACACT	TACACCAATTACACT_2	-4.378948748083519	-5.364151222969798	-6.0	-6.0	-6.0
TACACCAATTACACT	TACACCAATTACACT_3	-4.470719121439164	-4.887029968250136	-6.0	-6.0	-6.0
TACACCAATTACACT	TACACCAATTACACT_4	-4.088384186097703	-4.665181218633779	-6.0	-6.0	-6.0
TACACCAATTACACT	TACACCAATTACACT_5	-4.28619469484662	-6.0	-6.0	-6.0	-6.0
TACACCAATTACACT	TACACCAATTACACT_6	-4.470719121439164	-6.0	-6.0	-6.0	-6.0
TAGACGGACATCTTC	TAGACGGACATCTTC_0	-4.7011680428174385	-6.0	-6.0	-6.0	-6.0
TAGACGGACATCTTC	TAGACGGACATCTTC_1	-3.1658739227746677	-3.18951003030935	-3.155317751331397	-3.282201479703505	-3.284562251883753
TAGACGGACATCTTC	TAGACGGACATCTTC_2	-3.6841347035186582	-3.839106415932953	-3.787991107598193	-3.6720488104538496	-3.649988856733295
TAGACGGACATCTTC	TAGACGGACATCTTC_3	-3.5338507080692625	-3.4123281876538862	-3.3663132519713694	-3.2988537872835	-3.3315149707881053
TAGACGGACATCTTC	TAGACGGACATCTTC_4	-3.6042580298093823	-3.639875353369009	-3.850890389070624	-4.555543241382412	-4.833258700416099
TAGACGGACATCTTC	TAGACGGACATCTTC_5	-4.659775357659213	-6.0	-6.0	-6.0	-6.0
TAGACGGACATCTTC	TAGACGGACATCTTC_6	-3.9158382078066714	-3.807848722202511	-3.6510212835683573	-3.528313587891502	-3.7968294347894247
TATATTGAACTTTAC	TATATTGAACTTTAC_0	-2.5997646922621076	-2.5313230934304447	-2.4711494175532125	-2.4919670686653634	-2.3639891048837196
TATATTGAACTTTAC	TATATTGAACTTTAC_1	-2.6791523029997184	-2.603728739546586	-2.646065954545883	-2.6569471028727283	-2.6674210757259713
TATATTGAACTTTAC	TATATTGAACTTTAC_2	-2.5525653880113452	-2.4996401419114065	-2.466004242349031	-2.447336497181986	-2.4216389944528696
TATATTGAACTTTAC	TATATTGAACTTTAC_3	-2.612323480090434	-2.658287510685879	-2.615165235970279	-2.562755889657689	-2.4720031803579507
TATATTGAACTTTAC	TATATTGAACTTTAC_4	-2.683300323853933	-2.6175170240322196	-2.5064215584945364	-2.5183511804147707	-2.5536487840720006
TATATTGAACTTTAC	TATATTGAACTTTAC_5	-2.7800019921796997	-2.776440257950887	-2.9271485962480215	-2.859135453810994	-2.961102427667807
TATATTGAACTTTAC	TATATTGAACTTTAC_6	-2.6385860585892753	-2.5613774976778227	-2.4780261869350713	-2.413264221875091	-2.400489776088225
TATGCCCTTCTTCTG	TATGCCCTTCTTCTG_0	-2.70465637066326	-2.688831239630506	-2.6161496590934843	-2.587060292828477	-2.604409392197619
TATGCCCTTCTTCTG	TATGCCCTTCTTCTG_1	-2.265164507147542	-2.23510616308184	-2.248548479860705	-2.2013217782963377	-2.1590867338222286
TATGCCCTTCTTCTG	TATGCCCTTCTTCTG_2	-2.2694826981314264	-2.2057887308745485	-2.1232224047339305	-2.118259110227419	-2.067683271953551
TATGCCCTTCTTCTG	TATGCCCTTCTTCTG_3	-2.39689299234031	-2.4157382571911974	-2.3747101845174385	-2.3278077271904234	-2.2992325943599647
TATGCCCTTCTTCTG	TATGCCCTTCTTCTG_4	-2.37014587177561	-2.337822284247449	-2.2863626620876483	-2.2109198370468737	-2.1392021995743478
TATGCCCTTCTTCTG	TATGCCCTTCTTCTG_5	-2.6480895993340186	-2.5446072874279295	-2.4806633682656187	-2.4094152057041742	-2.345413580304664
TATGCCCTTCTTCTG	TATGCCCTTCTTCTG_6	-2.350145190233315	-2.3036422473645004	-2.241975551096912	-2.2148658856763745	-2.234741764989214
TCAAAACGGAGTGTT	TCAAAACGGAGTGTT_0	-2.754224772119613	-2.7167682528551786	-2.650665450298223	-2.653732473229642	-2.6128237064653113
TCAAAACGGAGTGTT	TCAAAACGGAGTGTT_1	-2.6032169718232883	-2.5515720675607514	-2.465771812864274	-2.469183410707664	-2.439683497146512
TCAAAACGGAGTGTT	TCAAAACGGAGTGTT_2	-2.8366569617590467	-2.726161442185113	-2.650665450298223	-2.6673967975369246	-2.6267701405036563
TCAAAACGGAGTGTT	TCAAAACGGAGTGTT_3	-2.6837173133069023	-2.5896342572412485	-2.5492967405281677	-2.4666778586701743	-2.422692340790012
TCAAAACGGAGTGTT	TCAAAACGGAGTGTT_4	-2.5956578580474643	-2.5742181420380477	-2.498081635116213	-2.532169724052613	-2.518075833836596
TCAAAACGGAGTGTT	TCAAAACGGAGTGTT_5	-2.5386036362944195	-2.4785073511340343	-2.430313163581807	-2.3253949738630846	-2.3318570696493572
TCAAAACGGAGTGTT	TCAAAACGGAGTGTT_6	-2.5805941116115885	-2.5050129256752673	-2.4404966387045586	-2.4068680166902947	-2.3344314368904686
TCAAAGCATGAAAAA	TCAAAGCATGAAAAA_0	-2.791612013576263	-2.910068952238708	-2.968003788166967	-3.1679440660485936	-3.2830303473610054
TCAAAGCATGAAAAA	TCAAAGCATGAAAAA_1	-2.9918980818416077	-3.1559786963026766	-3.2631648501668504	-3.2932317737338486	-3.5631624189957694
TCAAAGCATGAAAAA	TCAAAGCATGAAAAA_2	-2.6990019810609307	-2.8225719790232175	-2.9868727193917595	-2.986651613307105	-3.137558180644928
TCAAAGCATGAAAAA	TCAAAGCATGAAAAA_3	-3.0013303169501926	-2.990320077895968	-3.3092463202143167	-3.4167763053505436	-3.6124970464409576
TCAAAGCATGAAAAA	TCAAAGCATGAAAAA_4	-2.6947020005682067	-2.8060429213392486	-2.9923063226610482	-3.0975723407579756	-3.1364656153343553
TCAAAGCATGAAAAA	TCAAAGCATGAAAAA_5	-2.7483755997733463	-2.8630919607520466	-2.9665291026009615	-3.1270273200962513	-3.2463902079832088
TCAAAGCATGAAAAA	TCAAAGCATGAAAAA_6	-2.7561921344053903	-2.7372978083030723	-2.991525919069377	-3.0472116042763173	-3.2035943084155454
TCAAATGATGAGGAT	TCAAATGATGAGGAT_0	-2.763148945341228	-2.804843212062786	-2.834291127251162	-3.1129712556317903	-3.103891395223319
TCAAATGATGAGGAT	TCAAATGATGAGGAT_1	-3.234300422463329	-3.199798367185361	-3.288674794338026	-3.308870908041024	-3.3033793965336375
TCAAATGATGAGGAT	TCAAATGATGAGGAT_2	-2.9194126681649695	-2.895803892557641	-2.892283074228849	-3.016614836684548	-2.9827656285151365
TCAAATGATGAGGAT	TCAAATGATGAGGAT_3	-3.2618353489871756	-3.660859844851137	-3.579018622147856	-3.8175092142067513	-3.6756508470544316
TCAAATGATGAGGAT	TCAAATGATGAGGAT_4	-2.9392402043969095	-3.020742629165941	-3.0025812846542586	-3.0424823980322566	-3.1256885243181634
TCAAATGATGAGGAT	TCAAATGATGAGGAT_5	-3.1112184414917308	-3.2195770153601817	-3.266089403184167	-3.422380182868542	-3.334948146626499
TCAAATGATGAGGAT	TCAAATGATGAGGAT_6	-2.8610619483606805	-2.7878098727640053	-2.8386559326536123	-2.880736114012235	-2.9904934922343145
TCAACAACCTATGCA	TCAACAACCTATGCA_0	-3.1271367750897197	-3.2195770153601817	-3.099891384730595	-3.147502905806049	-3.2907444841344455
TCAACAACCTATGCA	TCAACAACCTATGCA_1	-3.0450698408046066	-3.0763494930395723	-3.065283256307388	-3.0063956715028617	-3.1018714172473114
TCAACAACCTATGCA	TCAACAACCTATGCA_2	-3.632982181071277	-3.557971248985911	-3.512071832517243	-3.3693516554224052	-3.5058997660297693
TCAACAACCTATGCA	TCAACAACCTATGCA_3	-3.4089119714609626	-3.332742758718174	-3.4256272531873515	-3.376059039429392	-3.4309973179614195
TCAACAACCTATGCA	TCAACAACCTATGCA_4	-3.2168682034706526	-3.1627540986493465	-3.2825362542345955	-3.2016609383931556	-3.1776401168748776
TCAACAACCTATGCA	TCAACAACCTATGCA_5	-3.4863241947697405	-3.710938709194455	-3.707997336557896	-4.123234331079113	-3.972920693845106
TCAACAACCTATGCA	TCAACAACCTATGCA_6	-3.1973773597602575	-3.1506334659734936	-3.2516596877615256	-3.3693516554224052	-3.324728981444813
TCAGAGCATTGGCCT	TCAGAGCATTGGCCT_0	-3.525076783761757	-3.395668274415863	-3.2810150811140626	-3.463772868026767	-3.4530474587044937
TCAGAGCATTGGCCT	TCAGAGCATTGGCCT_1	-3.7980780558254947	-4.173819524799507	-6.0	-6.0	-6.0
TCAGAGCATTGGCCT	TCAGAGCATTGGCCT_2	-3.561288956416202	-3.48620427134061	-3.5470494160728143	-3.7252943224070747	-3.6989221894674196
TCAGAGCATTGGCCT	TCAGAGCATTGGCCT_3	-3.7055328482198884	-3.5068187265385298	-3.4256272531873515	-3.367690871440941	-3.341897006581827
TCAGAGCATTGGCCT	TCAGAGCATTGGCCT_4	-3.9529800158112383	-4.233817454474792	-3.669195252496944	-3.6925704775984514	-3.664466680101918
TCAGAGCATTGGCCT	TCAGAGCATTGGCCT_5	-4.00219803848142	-4.267241209961742	-4.623437761936269	-6.0	-6.0
TCAGAGCATTGGCCT	TCAGAGCATTGGCCT_6	-4.445895537714132	-5.0631212273058175	-6.0	-6.0	-6.0
TCATAGGTATCTCGC	TCATAGGTATCTCGC_0	-2.398188106069189	-2.3460751593240032	-2.3349477680237936	-2.2317453545945756	-2.2316060511363554
TCATAGGTATCTCGC	TCATAGGTATCTCGC_1	-2.4836840986035322	-2.4125708780664064	-2.3975323312054684	-2.3680225205459493	-2.3814722648918094
TCATAGGTATCTCGC	TCATAGGTATCTCGC_2	-2.460868460814726	-2.407502643764595	-2.355724631657319	-2.3317572670124207	-2.3347758417315974
TCATAGGTATCTCGC	TCATAGGTATCTCGC_3	-2.6589864483016723	-2.6222121452405993	-2.536530616152028	-2.475723796128239	-2.5230966352116466
TCATAGGTATCTCGC	TCATAGGTATCTCGC_4	-2.8916083281821705	-2.7809524490011754	-2.674047755291356	-2.7185493199843056	-2.6356336008349617
TCATAGGTATCTCGC	TCATAGGTATCTCGC_5	-2.3605256652567332	-2.2858757008831976	-2.223764040455231	-2.2219181837835396	-2.2732025506816935
TCATAGGTATCTCGC	TCATAGGTATCTCGC_6	-2.5796081986299373	-2.494919503238822	-2.479702539373921	-2.4177052778585555	-2.406544165243974
TCGAAAGCACAGTAG	TCGAAAGCACAGTAG_0	-3.651950020147257	-4.052397361914044	-4.959229863859462	-5.007840912377043	-6.0
TCGAAAGCACAGTAG	TCGAAAGCACAGTAG_1	-3.4339963144144248	-3.7157912119888667	-3.87405825412265	-4.405780921049081	-5.736348687408043
TCGAAAGCACAGTAG	TCGAAAGCACAGTAG_2	-3.6007974976998756	-3.8798513836230124	-4.0049873544201375	-4.5307196576573805	-4.532228704752119
TCGAAAGCACAGTAG	TCGAAAGCACAGTAG_3	-3.5398000405824637	-4.108878717866492	-5.737381114243106	-6.0	-6.0
TCGAAAGCACAGTAG	TCGAAAGCACAGTAG_4	-3.574063244452631	-4.096979494566784	-4.5912530785648675	-5.3088709080410235	-6.0
TCGAAAGCACAGTAG	TCGAAAGCACAGTAG_5	-4.798078055825495	-6.0	-6.0	-6.0	-6.0
TCGAAAGCACAGTAG	TCGAAAGCACAGTAG_6	-3.3667142916665074	-3.608276367297307	-4.959229863859462	-6.0	-6.0
TCGATAGAATTTACT	TCGATAGAATTTACT_0	-2.717541755692904	-2.741419257805079	-2.618455361417329	-2.530237376117642	-2.609892573976239
TCGATAGAATTTACT	TCGATAGAATTTACT_1	-2.443009849476644	-2.3802995039783266	-2.336325388471262	-2.2998451659541135	-2.2243317179119164
TCGATAGAATTTACT	TCGATAGAATTTACT_2	-2.4578818967339924	-2.438323648345056	-2.374145309759412	-2.313089510957022	-2.2879515839502753
TCGATAGAATTTACT	TCGATAGAATTTACT_3	-2.8180746842417483	-2.8777207441153645	-2.765178275864041	-2.8322324710274573	-2.7636830951419324
TCGATAGAATTTACT	TCGATAGAATTTACT_4	-2.516192852119177	-2.480773733221459	-2.395353426155634	-2.387184432557422	-2.405732020113605
TCGATAGAATTTACT	TCGATAGAATTTACT_5	-2.642742018360433	-2.548905631053235	-2.5665329105997965	-2.5240159713628736	-2.5138923507287965
TCGATAGAATTTACT	TCGATAGAATTTACT_6	-2.4529494816273636	-2.3996558834147055	-2.4019232135537214	-2.4244531914914074	-2.3527128190461637
TCTTGGAGGTGAATG	TCTTGGAGGTGAATG_0	-3.047955529042095	-2.871390833942961	-2.9986005557587365	-3.0975723407579756	-3.0128930153728573
TCTTGGAGGTGAATG	TCTTGGAGGTGAATG_1	-2.554729907531664	-2.4754102622869056	-2.4081866991546548	-2.3576953487778067	-2.377842775917808
TCTTGGAGGTGAATG	TCTTGGAGGTGAATG_2	-2.5516410290630906	-2.486779877100024	-2.4049426543275003	-2.3116301867280553	-2.2210047943196622
TCTTGGAGGTGAATG	TCTTGGAGGTGAATG_3	-2.9514317272483774	-2.8352345226921436	-2.908721217707786	-2.87697130854953	-2.866530479428715
TCTTGGAGGTGAATG	TCTTGGAGGTGAATG_4	-2.658592530377248	-2.594404755790345	-2.58265290680295	-2.597907789045748	-2.5923975709840796
TCTTGGAGGTGAATG	TCTTGGAGGTGAATG_5	-2.554729907531664	-2.4218950725503334	-2.313971386510012	-2.2484249056080112	-2.1833156712056034
TCTTGGAGGTGAATG	TCTTGGAGGTGAATG_6	-2.693847089894694	-2.565155488525917	-2.511296998267282	-2.508382948456595	-2.416826238342589
TGATCATCACGGGAC	TGATCATCACGGGAC_0	-2.4954225018747764	-2.486779877100024	-2.351417543642408	-2.315140838234569	-2.3697389770156136
TGATCATCACGGGAC	TGATCATCACGGGAC_1	-2.3887790934468467	-2.4111167657194414	-2.3732054814724863	-2.2864425368555374	-2.1873454253822553
TGATCATCACGGGAC	TGATCATCACGGGAC_2	-2.462118949677247	-2.407982792494435	-2.326772571674738	-2.254257853484136	-2.285945601252677
TGATCATCACGGGAC	TGATCATCACGGGAC_3	-2.4727676841144337	-2.532921529102735	-2.61451019137867	-2.649906065376589	-2.691025708621386
TGATCATCACGGGAC	TGATCATCACGGGAC_4	-2.1494741276902136	-2.0587998535231744	-2.010735394002194	-1.987203448809437	-2.0225222630275184
TGATCATCACGGGAC	TGATCATCACGGGAC_5	-2.547963142733154	-2.5150390567852208	-2.451373992163631	-2.4173334503684596	-2.358314364950712
TGATCATCACGGGAC	TGATCATCACGGGAC_6	-2.497319579071204	-2.3769319930617936	-2.4100221798567754	-2.4085037793845534	-2.382240248260642
TGGAGTCTTTGTTGA	TGGAGTCTTTGTTGA_0	-3.3432331958169845	-3.525302132232543	-3.750609379976861	-4.581872180104762	-5.435318691744062
TGGAGTCTTTGTTGA	TGGAGTCTTTGTTGA_1	-2.7037816584201253	-2.795363010654451	-2.958506642240366	-3.161710066925018	-3.341897006581827
TGGAGTCTTTGTTGA	TGGAGTCTTTGTTGA_2	-2.8141136647664813	-2.9311819320953925	-3.040151771483388	-3.207352952792614	-3.272455698422136
TGGAGTCTTTGTTGA	TGGAGTCTTTGTTGA_3	-2.443009849476644	-2.57246057394968	-2.761489977841313	-2.931686120959606	-3.1776401168748776
TGGAGTCTTTGTTGA	TGGAGTCTTTGTTGA_4	-2.53061298429623	-2.6574334406330395	-2.7909288492300326	-3.0020885834879514	-3.1183005906959504
TGGAGTCTTTGTTGA	TGGAGTCTTTGTTGA_5	-3.868659130111202	-4.887029968250136	-6.0	-6.0	-6.0
TGGAGTCTTTGTTGA	TGGAGTCTTTGTTGA_6	-2.9094773937973204	-3.079720489125279	-3.3012184672023497	-3.4299663055675635	-3.4059349140588524
TTAATTAGAGGTATG	TTAATTAGAGGTATG_0	-2.9918980818416077	-2.887754396244468	-3.0131052446423165	-3.069988819125887	-2.9488882128896283
TTAATTAGAGGTATG	TTAATTAGAGGTATG_1	-2.7810447165267145	-2.7226771124656985	-2.728780942481188	-2.7894804906065076	-2.7720890572111943
TTAATTAGAGGTATG	TTAATTAGAGGTATG_2	-2.9073776581266197	-2.8163765175819755	-2.887347856553337	-2.8617128766988045	-2.958921865018732
TTAATTAGAGGTATG	TTAATTAGAGGTATG_3	-2.9910506777056223	-2.8777207441153645	-2.823567261859389	-2.7093517190903444	-2.7545300802373798
TTAATTAGAGGTATG	TTAATTAGAGGTATG_4	-2.634097186772068	-2.5665374928167224	-2.6038422058728883	-2.5799762859973416	-2.6092438890432357
TTAATTAGAGGTATG	TTAATTAGAGGTATG_5	-3.222601547223595	-3.1682515705605647	-3.151920384734605	-3.0078409123770427	-3.0270787264322125
TTAATTAGAGGTATG	TTAATTAGAGGTATG_6	-3.2417755550582075	-3.1837385901314743	-3.213634647431541	-3.3466594689304237	-3.329808506974088
TTAATTGCACTTATG	TTAATTGCACTTATG_0	-5.7011680428174385	-6.0	-6.0	-6.0	-6.0
TTAATTGCACTTATG	TTAATTGCACTTATG_1	-5.400138047153457	-4.710938709194455	-6.0	-6.0	-6.0
TTAATTGCACTTATG	TTAATTGCACTTATG_2	-3.8623189520801833	-4.233817454474792	-4.69598842908488	-6.0	-6.0
TTAATTGCACTTATG	TTAATTGCACTTATG_3	-5.099108051489476	-6.0	-6.0	-6.0	-6.0
TTAATTGCACTTATG	TTAATTGCACTTATG_4	-5.224046788097776	-6.0	-6.0	-6.0	-6.0
TTAATTGCACTTATG	TTAATTGCACTTATG_5	-3.787354190433722	-4.011968704858436	-4.218867174365218	-3.973078806117831	-3.6681628256618817
TTAATTGCACTTATG	TTAATTGCACTTATG_6	-4.621986796769813	-5.188059963914117	-4.959229863859462	-6.0	-6.0
TTAGTCTTTCCATCA	TTAGTCTTTCCATCA_0	-2.710385351014301	-2.6574334406330395	-2.5975020278418692	-2.650223648192864	-2.7197331398508657
TTAGTCTTTCCATCA	TTAGTCTTTCCATCA_1	-2.668146598134528	-2.5465858534100176	-2.5167500947950137	-2.5635358260814396	-2.6184148523684017
TTAGTCTTTCCATCA	TTAGTCTTTCCATCA_2	-2.2670784043995478	-2.2610319694240846	-2.2662361490824727	-2.2915592640342877	-2.2502016906014704
TTAGTCTTTCCATCA	TTAGTCTTTCCATCA_3	-2.66294540444872	-2.5759828518286305	-2.60930510157439	-2.565884074720631	-2.577684706594054
TTAGTCTTTCCATCA	TTAGTCTTTCCATCA_4	-2.707731812319827	-2.7545568137445784	-2.7216023578540645	-2.7430230893675063	-2.8647757518621644
TTAGTCTTTCCATCA	TTAGTCTTTCCATCA_5	-2.438005577855222	-2.405826291325745	-2.502357954747882	-2.5160124861153625	-2.5308736506671523
TTAGTCTTTCCATCA	TTAGTCTTTCCATCA_6	-2.5314936087586313	-2.5393747604942525	-2.5881620015877256	-2.5951004458385167	-2.614788843220542
TTATATTTATTTGCT	TTATATTTATTTGCT_0	-2.658592530377248	-2.610568164076892	-2.6234377619362688	-2.614558261817678	-2.542111938684214
TTATATTTATTTGCT	TTATATTTATTTGCT_1	-2.621986796769814	-2.5364589342953527	-2.5484526304822523	-2.5635358260814396	-2.607303627520085
TTATATTTATTTGCT	TTATATTTATTTGCT_2	-2.6112629313780404	-2.608276367297307	-2.6545957439266554	-2.6279313688240813	-2.6281220310331146
TTATATTTATTTGCT	TTATATTTATTTGCT_3	-2.5368151870330014	-2.504712687514742	-2.4572582179407982	-2.488012918601324	-2.472712618819935
TTATATTTATTTGCT	TTATATTTATTTGCT_4	-2.6546728784827303	-2.6186860542990713	-2.5612898551874244	-2.6439157016874013	-2.671890698181125
TTATATTTATTTGCT	TTATATTTATTTGCT_5	-2.6783274319409105	-2.565845940947822	-2.530825070144076	-2.536304734955385	-2.603768839748306
TTATATTTATTTGCT	TTATATTTATTTGCT_6	-2.3659107863829067	-2.2786822530831263	-2.246720460886969	-2.2165012084119033	-2.2177031630777315
TTTAACTCACCGTAA	TTTAACTCACCGTAA_0	-4.470719121439164	-6.0	-5.737381114243106	-6.0	-5.736348687408043
TTTAACTCACCGTAA	TTTAACTCACCGTAA_1	-3.868659130111202	-3.9839399812581924	-4.892283074228849	-5.087022158424667	-4.590220651729805
TTTAACTCACCGTAA	TTTAACTCACCGTAA_2	-3.6077463576552034	-3.8798513836230124	-4.19331306989283	-4.882902175768742	-6.0
TTTAACTCACCGTAA	TTTAACTCACCGTAA_3	-3.5458320053523766	-3.5545915083345303	-3.813101828181224	-4.484962167096705	-4.833258700416099
TTTAACTCACCGTAA	TTTAACTCACCGTAA_4	-3.2812122943276805	-3.5190531829555414	-3.9520512792323386	-4.007840912377043	-3.817270595031969
TTTAACTCACCGTAA	TTTAACTCACCGTAA_5	-3.7280401892177397	-4.041931928235879	-4.306017350084118	-4.744599477602462	-4.457595086455214
TTTAACTCACCGTAA	TTTAACTCACCGTAA_6	-3.7421266504963446	-3.993083360698062	-3.8861227655240302	-4.229689661993399	-4.374620851390451
TTTATAAATCAATAG	TTTATAAATCAATAG_0	-2.0575180046001096	-2.0063116264318173	-2.026502496557933	-2.0193562764504187	-1.9876181313095487
TTTATAAATCAATAG	TTTATAAATCAATAG_1	-2.1337887351664597	-2.075008387037465	-2.0014629977118084	-1.9578480554569	-1.9333698320727815
TTTATAAATCAATAG	TTTATAAATCAATAG_2	-2.1176292235630862	-2.0773580473148243	-2.0486054589702607	-2.0039497461401323	-1.9970928841395326
TTTATAAATCAATAG	TTTATAAATCAATAG_3	-2.1379243416770404	-2.1015814897522485	-2.115270753881886	-2.039669397670733	-1.987231025051721
TTTATAAATCAATAG	TTTATAAATCAATAG_4	-2.0706384713906143	-1.9881220412416178	-1.9083991602351826	-1.8849154470344316	-1.8363094519207184
TTTATAAATCAATAG	TTTATAAATCAATAG_5	-2.0965100707695674	-2.059445324757033	-2.073397659634839	-2.0309562289929146	-2.029375011231865
TTTATAAATCAATAG	TTTATAAATCAATAG_6	-2.2177233947189032	-2.1409149498668008	-2.081954526497187	-2.0661638765063515	-2.078623733202935
TTTTGCATTTAGGCG	TTTTGCATTTAGGCG_0	-2.4192261093766136	-2.3458669145432673	-2.297890523853422	-2.2734411698564756	-2.189559335776785
TTTTGCATTTAGGCG	TTTTGCATTTAGGCG_1	-3.0065628438838696	-3.0923096164332993	-2.9970184247488616	-3.1194741822058054	-3.066102834333919
TTTTGCATTTAGGCG	TTTTGCATTTAGGCG_2	-2.78788414105702	-2.7566961997551296	-2.7968646293105386	-2.8716490056412454	-2.8630280855926444
TTTTGCATTTAGGCG	TTTTGCATTTAGGCG_3	-2.430256403406957	-2.3898698640919678	-2.3247525936987303	-2.2645925346453106	-2.202576629023325
TTTTGCATTTAGGCG	TTTTGCATTTAGGCG_4	-2.6673423488641284	-2.566883682139082	-2.5863178608893556	-2.485831625809334	-2.4390259732027406
TTTTGCATTTAGGCG	TTTTGCATTTAGGCG_5	-2.646938132954041	-2.556278090966466	-2.561869300879658	-2.534597312720582	-2.5996281202516363
TTTTGCATTTAGGCG	TTTTGCATTTAGGCG_6	-2.5473531784729095	-2.5446072874279295	-2.4511492602145526	-2.4487326230104105	-2.403910227492438
