Edge	mean.s_70	rep1.s_70	rep2.s_70	mean.s_1410	rep1.s_1410	rep2.s_1410	mean.s_2640	rep1.s_2640	rep2.s_2640	mean.s_5150	rep1.s_5150	rep2.s_5150	mean.s_7530	rep1.s_7530	rep2.s_7530	mean.s_10150	rep1.s_10150	rep2.s_10150	s_series	gen_series	x_series	chromosome	Gene	insertion_edge	edge_plot
AAAACATTATCAAAG	-0.0020424626200937846	-0.00255395116999965	-0.0017000977551117232	-0.005396022125076104	-0.005464488347459898	-0.005338622249060718	-0.0076242718461610485	-0.005680843723938599	-0.009761023024306145	-0.00016328834391586384	-0.002967390191999452	0.0009490245602761842	-0.001831430884342041	-0.0019279542111213196	-0.0017333412202179231	-0.002773643299293657	-0.0036405938938984367	-0.0020552218796589827	-0.0020424626200937846;-0.005396022125076104;-0.0076242718461610485;-0.00016328834391586384;-0.001831430884342041;-0.002773643299293657	70;1410;2640;5150;7530;10150	0.11707903911226195;0.1564063182474947;0.18154239214951629;0.21308849451737186;0.2550877578356969;0.2541819298117505	chr05	TRP2	338454.0	edge_plots/AAAACATTATCAAAG.png
AAAAGAAAAATGTAT	0.007257891882271127	0.008441937883719722	0.005004118403291715	-0.0007387007646768969	0.0008341994495629207	-0.0013108176078066205	-0.0009979247280418736	-0.002278742603423942	-0.0006372398798200219	0.0049063431643130645	0.009594258300853677	-0.015253160013358504	-0.0059939450846921045	-0.001349690915783582	-0.011657095955350544	-0.011224704407265279	-0.009823692995471912	-0.01834132272823913	0.007257891882271127;-0.0007387007646768969;-0.0009979247280418736;0.0049063431643130645;-0.0059939450846921045;-0.011224704407265279	70;1410;2640;5150;7530;10150	0.11707903911226195;0.1564063182474947;0.18154239214951629;0.21308849451737186;0.2550877578356969;0.2541819298117505	chr16		859836.0	edge_plots/AAAAGAAAAATGTAT.png
AAAAGCGACATTTCT	-0.02113929872919916	-0.021515860038326697	-0.0192707987961196	-0.009390560390485752	-0.009162186332017343	-0.009928492393347869	-0.013827677261382893	-0.01032458064037739	-0.014067070752862051	-0.02112836786607191	-0.013569831601358816	-0.02376969935651401	-0.01868037077552569	-0.019412836222536305	-0.018339432430105374	-0.004034708555130447	-0.0023718127843614157	-0.008556741633410069	-0.02113929872919916;-0.009390560390485752;-0.013827677261382893;-0.02112836786607191;-0.01868037077552569;-0.004034708555130447	70;1410;2640;5150;7530;10150	0.11707903911226195;0.1564063182474947;0.18154239214951629;0.21308849451737186;0.2550877578356969;0.2541819298117505	chr04	EAF1	1192480.0	edge_plots/AAAAGCGACATTTCT.png
AATGATACCATTTTT	-0.06785679055423839	-0.07325661714544687	-0.035630362705732874	-0.07919347774552807	-0.06477052199100508	-0.08595225353505892	-0.10778831706633676	-0.08473034664659909	-0.1191764232407	-0.038100929033759015	-0.02254427519780131	-0.04048103235128447	-0.037335667387276124	-0.03709481211745981	-0.03789690985101888	-0.03268727755536847	-0.03005229435520725	-0.07022143869609654	-0.06785679055423839;-0.07919347774552807;-0.10778831706633676;-0.038100929033759015;-0.037335667387276124;-0.03268727755536847	70;1410;2640;5150;7530;10150	0.11707903911226195;0.1564063182474947;0.18154239214951629;0.21308849451737186;0.2550877578356969;0.2541819298117505	chr12	VPS38	846423.0	edge_plots/AATGATACCATTTTT.png
ACAACCTACCTGCTA	-1.808733154004018e-05	-0.0015919249432541046	0.00040819233612828014	-0.0024394706564714987	-0.002924705811531801	-0.001941187683728431	-0.002756971306529951	-0.0025718072425340304	-0.003025585695564309	-0.0016438108850832937	-0.0036304702180365617	-0.0003247484631539599	-0.000437248960196054	0.00021019698803641536	-0.0010718724114090377	0.0019660841281524174	-0.0011208488485325997	0.002706720329426718	-1.808733154004018e-05;-0.0024394706564714987;-0.002756971306529951;-0.0016438108850832937;-0.000437248960196054;0.0019660841281524174	70;1410;2640;5150;7530;10150	0.11707903911226195;0.1564063182474947;0.18154239214951629;0.21308849451737186;0.2550877578356969;0.2541819298117505	chr14		117184.0	edge_plots/ACAACCTACCTGCTA.png
ACAAGTTTTACAGTT	-0.021086965798279563	-0.01681764697233206	-0.025164421972140975	-0.046847711735961146	-0.044535736793808685	-0.05201500224636033	-0.048384542706609114	-0.05071651502105288	-0.04372315610770184	-0.02633606099756205	-0.02007434893485546	-0.05007990012180495	-0.0414506687330701	-0.03934246184937228	-0.042487664696030665	-0.025155451783695763	-0.030443495980167306	-0.0185598172582709	-0.021086965798279563;-0.046847711735961146;-0.048384542706609114;-0.02633606099756205;-0.0414506687330701;-0.025155451783695763	70;1410;2640;5150;7530;10150	0.11707903911226195;0.1564063182474947;0.18154239214951629;0.21308849451737186;0.2550877578356969;0.2541819298117505	chr01	FUN30	115761.0	edge_plots/ACAAGTTTTACAGTT.png
ACAGGGCAGCTCCCG	-0.062322604786734064	-0.04870042898936495	-0.06790900623208325	-0.0449760607246358	-0.058518581502984814	-0.0424584000899777	-0.04386207740332507	-0.04390501163261884	-0.0438591409064042	-0.036584656602376	-0.03624333950256077	-0.039965573789577116	-0.03755924894577696	-0.03953062534783602	-0.026973125547198145	-0.04242606551648562	-0.04270193890096389	-0.04204691625610303	-0.062322604786734064;-0.0449760607246358;-0.04386207740332507;-0.036584656602376;-0.03755924894577696;-0.04242606551648562	70;1410;2640;5150;7530;10150	0.11707903911226195;0.1564063182474947;0.18154239214951629;0.21308849451737186;0.2550877578356969;0.2541819298117505	chr13	TRM9	243668.0	edge_plots/ACAGGGCAGCTCCCG.png
ACAGTTGACGGACAG	0.004752512822993033	0.0032937451543356947	0.00584338521995965	0.003526199684195812	0.004999073922863819	-0.0010511467138880082	-0.003512319571099103	-0.006540099963463739	0.0020603915614031162	0.0035200041291647954	0.004908957175606507	0.003313053992788955	0.002344181350290455	0.002806159357393942	-0.0035625315848231845	-0.004283385220857913	-0.010859492866507505	0.002059998874971704	0.004752512822993033;0.003526199684195812;-0.003512319571099103;0.0035200041291647954;0.002344181350290455;-0.004283385220857913	70;1410;2640;5150;7530;10150	0.11707903911226195;0.1564063182474947;0.18154239214951629;0.21308849451737186;0.2550877578356969;0.2541819298117505	chr14		427664.0	edge_plots/ACAGTTGACGGACAG.png
ACCACCGGTCCTGCC	-6.854916724757747e-05	6.447957026716407e-05	-0.00016897824608832238	0.0020384616783831327	0.004099880086363973	-0.008885559171662005	0.0009256722310117195	0.0031572741768436828	-0.0026180387120220703	-0.00918253833046702	-0.008692532703264132	-0.009415697434605479	-0.002693096778710106	-0.016322531563352168	0.000491121399215407	-0.008576464887162712	-0.007120605142052931	-0.009260640875564658	-6.854916724757747e-05;0.0020384616783831327;0.0009256722310117195;-0.00918253833046702;-0.002693096778710106;-0.008576464887162712	70;1410;2640;5150;7530;10150	0.11707903911226195;0.1564063182474947;0.18154239214951629;0.21308849451737186;0.2550877578356969;0.2541819298117505	chr07		661953.0	edge_plots/ACCACCGGTCCTGCC.png
AGAACATCATCTACA	-0.11193710092403338	-0.11402699824637708	-0.090300904983523	-0.08058505902867487	-0.0755171761705502	-0.09823749927626044	-0.07340695055004184	-0.06805897376753182	-0.07409479602707181	-0.05126111152528305	-0.0342757789279305	-0.07138198316609072	-0.06670288945197655	-0.06633797280604219	-0.07127954192448413	-0.0888889669913	-0.06986801184248444	-0.0937654081734298	-0.11193710092403338;-0.08058505902867487;-0.07340695055004184;-0.05126111152528305;-0.06670288945197655;-0.0888889669913	70;1410;2640;5150;7530;10150	0.11707903911226195;0.1564063182474947;0.18154239214951629;0.21308849451737186;0.2550877578356969;0.2541819298117505	chr04	DPB4	693871.0	edge_plots/AGAACATCATCTACA.png
AGAAGACGACGATGA	-0.026370194429728138	-0.024495244751486917	-0.02921065962405421	-0.036411309975995364	-0.035937939868040315	-0.04012893717034431	-0.034000672442240414	-0.02692819992260362	-0.03552412701145116	-0.021971537983810737	-0.010579962107386872	-0.029803916097766867	-0.024569533677419902	-0.02555625556747047	-0.023535974915950192	-0.025058647511919687	-0.02536861521075153	-0.024734963254428498	-0.026370194429728138;-0.036411309975995364;-0.034000672442240414;-0.021971537983810737;-0.024569533677419902;-0.025058647511919687	70;1410;2640;5150;7530;10150	0.11707903911226195;0.1564063182474947;0.18154239214951629;0.21308849451737186;0.2550877578356969;0.2541819298117505	chr14	OCA1	439176.0	edge_plots/AGAAGACGACGATGA.png
AGATTCATCCCATGG	0.004539646355249777	0.00265820529109528	0.005745275198283329	0.0027351921600582787	0.009223880898150738	0.0008980779852775596	-0.000940596941666224	-0.004605022742739142	2.707396347779569e-05	0.004271868791220572	0.01147776080564083	-0.004200801999584536	-0.0007411845927320303	0.00046173659843100714	-0.0010573706840061867	0.000636530280174625	0.0009455391061978	-0.0006175631575629255	0.004539646355249777;0.0027351921600582787;-0.000940596941666224;0.004271868791220572;-0.0007411845927320303;0.000636530280174625	70;1410;2640;5150;7530;10150	0.11707903911226195;0.1564063182474947;0.18154239214951629;0.21308849451737186;0.2550877578356969;0.2541819298117505	chr07	ADE5,7	58476.0	edge_plots/AGATTCATCCCATGG.png
AGTGTATGATAATAT	-0.016517404003388098	-0.008484862085505784	-0.01830709520591514	-0.009673388955502866	-0.009181173838487214	-0.019710977525563184	-0.00980410012338173	-0.020113396669990145	-0.008936188638192661	-0.004450194007483585	-0.003371614568141263	-0.005409632736311935	-0.006210455288397288	-0.004750141020738347	-0.009364717255823008	-0.006535221982687504	-0.006675084841927287	-0.006358510587203978	-0.016517404003388098;-0.009673388955502866;-0.00980410012338173;-0.004450194007483585;-0.006210455288397288;-0.006535221982687504	70;1410;2640;5150;7530;10150	0.11707903911226195;0.1564063182474947;0.18154239214951629;0.21308849451737186;0.2550877578356969;0.2541819298117505	chr14		56284.0	edge_plots/AGTGTATGATAATAT.png
AGTGTTAATCAGACC	-0.01404005733090662	-0.01125390234474776	-0.0200133788126614	-0.016228650203937628	-0.014163942288761569	-0.017941380598097082	-0.006056192353949129	-0.0059010023389925795	-0.028984169067041363	-0.009119193944279643	-0.009722984034881723	-0.005082957589990822	-0.011603829109775508	-0.011363600938646136	-0.011833989834122795	-0.005353088097978493	-0.019874464418349624	-0.00010380491408552763	-0.01404005733090662;-0.016228650203937628;-0.006056192353949129;-0.009119193944279643;-0.011603829109775508;-0.005353088097978493	70;1410;2640;5150;7530;10150	0.11707903911226195;0.1564063182474947;0.18154239214951629;0.21308849451737186;0.2550877578356969;0.2541819298117505	chr13		592732.0	edge_plots/AGTGTTAATCAGACC.png
AGTTTATAAAAAATT	0.0015338157648685851	-0.007307049122029827	0.0044708933603111595	-0.03249721311537094	-0.04077804820545945	-0.031784598974043086	-0.05250083485824469	-0.06938999111639126	-0.045057280978306635	-0.032014230378797415	-0.027515558231500783	-0.10959045626242064	-0.0998614725981204	-0.11141134187085593	-0.08281087858136882	-0.07873985195785377	-0.08404717039853478	-0.07331140847988539	0.0015338157648685851;-0.03249721311537094;-0.05250083485824469;-0.032014230378797415;-0.0998614725981204;-0.07873985195785377	70;1410;2640;5150;7530;10150	0.11707903911226195;0.1564063182474947;0.18154239214951629;0.21308849451737186;0.2550877578356969;0.2541819298117505	chr12		369653.0	edge_plots/AGTTTATAAAAAATT.png
ATAATTTTCATCCAC	-0.049499343842227435	-0.029816339996372968	-0.07472918057732718				-0.06208961305466538	-0.03748489117985375	-0.06378392793041401	-0.032918798321584994	-0.002658094219899132	-0.043039228374914494							-0.049499343842227435;-0.06208961305466538;-0.032918798321584994	70;2640;5150	0.11707903911226195;0.18154239214951629;0.21308849451737186	chr07	RPL26B	556242.0	edge_plots/ATAATTTTCATCCAC.png
ATAGAGCGGCGTTGA	-0.022742256835714698	-0.01768422972584813	-0.026417574686525287	-0.023926437531332237	-0.0235989760295562	-0.0696589420232045	-0.04921633904378082	-0.041239377731586216	-0.06710580342283476	-0.05576510317029428	-0.03509539784811935	-0.062424807550927976	-0.053025640687597804	-0.03828692547291115	-0.0566232866878023	-0.06661164273385288	-0.06785666016925758	-0.060460736520800175	-0.022742256835714698;-0.023926437531332237;-0.04921633904378082;-0.05576510317029428;-0.053025640687597804;-0.06661164273385288	70;1410;2640;5150;7530;10150	0.11707903911226195;0.1564063182474947;0.18154239214951629;0.21308849451737186;0.2550877578356969;0.2541819298117505	chr09	GPP1	255163.0	edge_plots/ATAGAGCGGCGTTGA.png
ATATTGAGTAAGTAC	-0.01897988519862277	-0.024472714336953347	-0.018359001610785904	-0.015340075121702696	-0.011860344858486156	-0.025660827803433584	-0.033901460795499244	-0.033673421573024644	-0.03440642557066613	-0.026949304637159617	-0.018921058432120275	-0.052500590580182915	-0.035709506921991666	-0.02155197879669364	-0.054033310495432835	-0.0489362982506576	-0.052106066385940335	-0.04804790202186837	-0.01897988519862277;-0.015340075121702696;-0.033901460795499244;-0.026949304637159617;-0.035709506921991666;-0.0489362982506576	70;1410;2640;5150;7530;10150	0.11707903911226195;0.1564063182474947;0.18154239214951629;0.21308849451737186;0.2550877578356969;0.2541819298117505	chr12		673959.0	edge_plots/ATATTGAGTAAGTAC.png
ATCGTTGGCATTTGG	-0.06716537655365643	-0.108333346096003	-0.035775208085593334	-0.08985486997391794	-0.08133844359563798	-0.09669588094134918				-0.09151372920084286	-0.0736880563598245	-0.09548467085414533	-0.09881802895440804	-0.10907642405994404	-0.09561263258572177	-0.1038861566225371	-0.0825685048036836	-0.1048657048450096	-0.06716537655365643;-0.08985486997391794;-0.09151372920084286;-0.09881802895440804;-0.1038861566225371	70;1410;5150;7530;10150	0.11707903911226195;0.1564063182474947;0.21308849451737186;0.2550877578356969;0.2541819298117505	chr05	OXA1	475172.0	edge_plots/ATCGTTGGCATTTGG.png
ATGGCGATGGTCTTG	-0.00474493565510655	-0.0009769286796094737	-0.014413609699043903	-0.0006001780825621466	-0.0017460039280742141	0.005715131057065448	-0.005586438698783194	-0.003918969510989388	-0.006767637975571726	0.0011108748175257435	0.0029775880122513585	-0.001026929718011049	-0.003547668831326787	0.0005773512605617878	-0.00409945029469788	-0.02223689979559529	-0.02719810092709558	-0.02105890893071416	-0.00474493565510655;-0.0006001780825621466;-0.005586438698783194;0.0011108748175257435;-0.003547668831326787;-0.02223689979559529	70;1410;2640;5150;7530;10150	0.11707903911226195;0.1564063182474947;0.18154239214951629;0.21308849451737186;0.2550877578356969;0.2541819298117505	chr12	CSR1	878667.0	edge_plots/ATGGCGATGGTCTTG.png
ATTAATACTTTGCAG	-0.06553745377096915	-0.056756101107093324	-0.10054153046438524	-0.08848164428951884	-0.0876757425973061	-0.08946245697796805	-0.10903062083854104	-0.04196527334378648	-0.1315041316575147	-0.0867627403522727	-0.06039776600793453	-0.0933556519161668							-0.06553745377096915;-0.08848164428951884;-0.10903062083854104;-0.0867627403522727	70;1410;2640;5150	0.11707903911226195;0.1564063182474947;0.18154239214951629;0.21308849451737186	chr05	UBP3	470562.0	edge_plots/ATTAATACTTTGCAG.png
ATTATCAAGTGCCAG	-0.025880822660230715	-0.020145213097237952	-0.02971911504991255	-0.023792031507112284	-0.02351438600872168	-0.02492721373974173	-0.014347043852404009	-0.009381342434459178	-0.022339814596813255	-0.01920472600435568	-0.023347769550028014	-0.01527989316781876	-0.02018522056067772	-0.019589940657202175	-0.022941599287567203	-0.021221284139908824	-0.012170352592457178	-0.04514903514417694	-0.025880822660230715;-0.023792031507112284;-0.014347043852404009;-0.01920472600435568;-0.02018522056067772;-0.021221284139908824	70;1410;2640;5150;7530;10150	0.11707903911226195;0.1564063182474947;0.18154239214951629;0.21308849451737186;0.2550877578356969;0.2541819298117505	chr12	CPR6	572679.0	edge_plots/ATTATCAAGTGCCAG.png
ATTATCATCGCCATC	-0.07899467997224867	-0.08706310595438208	-0.07680523947358506	-0.1232549524708061	-0.11625353256494353	-0.1248743145295481	-0.09223672260778183	-0.06680982099980809	-0.11323894397931167										-0.07899467997224867;-0.1232549524708061;-0.09223672260778183	70;1410;2640	0.11707903911226195;0.1564063182474947;0.18154239214951629	chr08	PIH1	177367.0	edge_plots/ATTATCATCGCCATC.png
CAAGGATCCCCGTAG	-0.05331543819987066	-0.05245261017300586	-0.05343205008472651	-0.04314505054058724	-0.04920807559232643	-0.042350693081958456	-0.02387373529650675	-0.05678515368094021	-0.02369472300499576	-0.01841511433463748	-0.01390756962935351	-0.020499073353849564	-0.017782659767905298	-0.022598245099792347	-0.014494585368314732	-0.01765822333709342	-0.016001195612566292	-0.019660521883327498	-0.05331543819987066;-0.04314505054058724;-0.02387373529650675;-0.01841511433463748;-0.017782659767905298;-0.01765822333709342	70;1410;2640;5150;7530;10150	0.11707903911226195;0.1564063182474947;0.18154239214951629;0.21308849451737186;0.2550877578356969;0.2541819298117505	chr13	BUL1	818356.0	edge_plots/CAAGGATCCCCGTAG.png
CAAGTTCGGCGAAAT	-0.09236391055873036	-0.1010642490518728	-0.08049391589734932	-0.08233327770663111	-0.07365528196579793	-0.08954122050703843	-0.08131104787345059	-0.09051041854802204	-0.07573193610339357	-0.09674491654482943	-0.07893313716980017	-0.11174334135418257	-0.09483740534872392	-0.09483950566440416	-0.09479877465347708	-0.10951631456810333	-0.10048653539615134	-0.1114661136838594	-0.09236391055873036;-0.08233327770663111;-0.08131104787345059;-0.09674491654482943;-0.09483740534872392;-0.10951631456810333	70;1410;2640;5150;7530;10150	0.11707903911226195;0.1564063182474947;0.18154239214951629;0.21308849451737186;0.2550877578356969;0.2541819298117505	chr06	PHO4	225566.0	edge_plots/CAAGTTCGGCGAAAT.png
CAATCTTGAATTGAT	-0.017793946466351167	-0.023846319435446083	-0.010372047046966952	-0.03341480620755803	-0.028008015396248892	-0.03621157545404885	-0.030837732904990086	-0.032971187960429665	-0.027959972333887816	-0.008711405199216237	-0.001294362650553417	-0.029131570179921858	-0.032318669245863574	-0.03110385454472968	-0.04744571667818332	-0.034515421346337685	-0.03858425801139998	-0.033496511254233426	-0.017793946466351167;-0.03341480620755803;-0.030837732904990086;-0.008711405199216237;-0.032318669245863574;-0.034515421346337685	70;1410;2640;5150;7530;10150	0.11707903911226195;0.1564063182474947;0.18154239214951629;0.21308849451737186;0.2550877578356969;0.2541819298117505	chr12	RPL31B	931374.0	edge_plots/CAATCTTGAATTGAT.png
CAATTTCAACGTTGT	-0.04286651064976802	-0.037401189119827136	-0.0583112037029025	-0.058375749236484975	-0.07515146811908928	-0.050550165454720436	-0.08517715401013523	-0.0646569267875782	-0.08876266095640872	-0.06877015546674503	-0.06720550609379321	-0.08592003212829147	-0.07702632250700421	-0.06805345950750781	-0.10356923076372086	-0.047698848143645015	-0.030732618529981343	-0.06503029605749669	-0.04286651064976802;-0.058375749236484975;-0.08517715401013523;-0.06877015546674503;-0.07702632250700421;-0.047698848143645015	70;1410;2640;5150;7530;10150	0.11707903911226195;0.1564063182474947;0.18154239214951629;0.21308849451737186;0.2550877578356969;0.2541819298117505	chr12	SPT8	251466.0	edge_plots/CAATTTCAACGTTGT.png
CATATGCATTCCTTG	-0.017689766539159053	-0.015885919468944087	-0.03193175657810455	-0.01025210852634666	-0.007836506532069295	-0.016312479973075913	-0.017992281743941033	-0.02016000979956468	-0.016874158058159155	-0.01543208752913771	-0.014634579061304175	-0.015490738324394846	-0.017300504253106468	-0.016336316002689456	-0.018455982459084717	-0.016481047597479103	-0.021879363154685545	-0.0108591911444567	-0.017689766539159053;-0.01025210852634666;-0.017992281743941033;-0.01543208752913771;-0.017300504253106468;-0.016481047597479103	70;1410;2640;5150;7530;10150	0.11707903911226195;0.1564063182474947;0.18154239214951629;0.21308849451737186;0.2550877578356969;0.2541819298117505	chr13	MAC1	317448.0	edge_plots/CATATGCATTCCTTG.png
CATCAATGAGGCAGT	-0.14776470282767254	-0.16889511321811246	-0.14692839975892613	-0.13919029775946568	-0.12897215807186754	-0.17454515132980672	-0.13473870402437602	-0.16086281247024514	-0.10766087185326352	-0.15482235991074278	-0.14812642653412764	-0.1820554541906088	-0.17667226890222548	-0.17182029666691634	-0.2178088161562699	-0.15725691953090432	-0.15695239419725776	-0.15766881992157838	-0.14776470282767254;-0.13919029775946568;-0.13473870402437602;-0.15482235991074278;-0.17667226890222548;-0.15725691953090432	70;1410;2640;5150;7530;10150	0.11707903911226195;0.1564063182474947;0.18154239214951629;0.21308849451737186;0.2550877578356969;0.2541819298117505	chr15		161115.0	edge_plots/CATCAATGAGGCAGT.png
CATTGTCGGACGCTT	-0.009837367055003413	-0.04167829172674906	-0.0071330571544294015	-0.08341048242823394	-0.09625112423248794	-0.04490312094626685	-0.04635617499224113	-0.04643766243151348	-0.019535490668996403	-0.01228264210871445	-0.01188817548333935	-0.0240498999985516							-0.009837367055003413;-0.08341048242823394;-0.04635617499224113;-0.01228264210871445	70;1410;2640;5150	0.11707903911226195;0.1564063182474947;0.18154239214951629;0.21308849451737186	chr05	GPA2	195499.0	edge_plots/CATTGTCGGACGCTT.png
CATTTATGGCTATCT	-0.027844241933671028	-0.02521148724565794	-0.035804993745542316	-0.0068539611794287076	-0.004891274560220931	-0.015390693365859869	-0.027369612199988024	-0.02569088015181801	-0.027866045402675482	-0.016036027222060892	-0.016206499496619925	-0.01588327128822823	-0.03172330237434805	-0.010887248650507076	-0.03380504062314254	-0.02131963174447346	-0.014367329273301562	-0.033156821261907415	-0.027844241933671028;-0.0068539611794287076;-0.027369612199988024;-0.016036027222060892;-0.03172330237434805;-0.02131963174447346	70;1410;2640;5150;7530;10150	0.11707903911226195;0.1564063182474947;0.18154239214951629;0.21308849451737186;0.2550877578356969;0.2541819298117505	chr04	VAM6	317167.0	edge_plots/CATTTATGGCTATCT.png
CCAACACAGGCTTCG	-0.02772726668847486	-0.014493389581478043	-0.032644826016177235	-0.018043110717243217	-0.017512003236867784	-0.018900588791315967	-0.023061248415274776	-0.030895993486424533	-0.01938798622369684	-0.039078232405133834	-0.027417616475219838	-0.05375111174526604	-0.04251893023680359	-0.04588060523725695	-0.04125927362437255	-0.032434659430731184	-0.03723998346888021	-0.031571681832968136	-0.02772726668847486;-0.018043110717243217;-0.023061248415274776;-0.039078232405133834;-0.04251893023680359;-0.032434659430731184	70;1410;2640;5150;7530;10150	0.11707903911226195;0.1564063182474947;0.18154239214951629;0.21308849451737186;0.2550877578356969;0.2541819298117505	chr05	NOP16	157055.0	edge_plots/CCAACACAGGCTTCG.png
CCAAGACCGTGTAAA	-0.08859324567990669	-0.08987929359566434	-0.08844284330788507	-0.08537181306913877	-0.03264381608697275	-0.09080432885528894	-0.06571608312474705	-0.06309647298738437	-0.0801971823129893	-0.07111987226859225	-0.07081509935621698	-0.07252219042152186	-0.045452001842448415	-0.05140812524688478	-0.04318733851764385	-0.05759209349184077	-0.047135216799489565	-0.06638888159594891	-0.08859324567990669;-0.08537181306913877;-0.06571608312474705;-0.07111987226859225;-0.045452001842448415;-0.05759209349184077	70;1410;2640;5150;7530;10150	0.11707903911226195;0.1564063182474947;0.18154239214951629;0.21308849451737186;0.2550877578356969;0.2541819298117505	chr14	MCK1	57098.0	edge_plots/CCAAGACCGTGTAAA.png
CCAGGATGTACCGCC	-0.021607604899264856	-0.030567429467774236	-0.015712456579989337	-0.018496885131492988	-0.03503362707610175	-0.01806003830493914	-0.019493044083573847	-0.024538707445467576	-0.01799332669125054	-0.013727752607664912	-0.015169616082149234	-0.013324263887699972	-0.009735975978126254	-0.010033670382446713	-0.009165486225777541	-0.00922437527934743	-0.009080146068102913	-0.009683348454935221	-0.021607604899264856;-0.018496885131492988;-0.019493044083573847;-0.013727752607664912;-0.009735975978126254;-0.00922437527934743	70;1410;2640;5150;7530;10150	0.11707903911226195;0.1564063182474947;0.18154239214951629;0.21308849451737186;0.2550877578356969;0.2541819298117505	chr12	SSK1	163045.0	edge_plots/CCAGGATGTACCGCC.png
CCGTTAGTATCGCTA	-0.0595520913299402	-0.06258469220089337	-0.057284238275199774	-0.03974525454734592	-0.03629356319380428	-0.09088327155292007				-0.1033402485925694	-0.09065671646197863	-0.12117563364510606	-0.09247302569268903	-0.0954652053786886	-0.07885020828572564	-0.09137445372426656	-0.10291628379342667	-0.0888865671778165	-0.0595520913299402;-0.03974525454734592;-0.1033402485925694;-0.09247302569268903;-0.09137445372426656	70;1410;5150;7530;10150	0.11707903911226195;0.1564063182474947;0.21308849451737186;0.2550877578356969;0.2541819298117505	chr04	SLX5	429086.0	edge_plots/CCGTTAGTATCGCTA.png
CGAATGCCATACAAA	-0.008141838789118741	-0.0019127629593341613	-0.011301720316379743	0.003327597240228621	0.004270950626307951	0.0027156522841089484	-0.004704219722964433	-0.0006428651836885239	-0.007173479904637066	-0.008528732971599224	-0.008554991333966627	-0.008352843277311851	0.0002475530210366021	0.002192348359741276	-0.002280246251047099	0.002335550541019376	-0.0020923329295522426	0.005849751223199438	-0.008141838789118741;0.003327597240228621;-0.004704219722964433;-0.008528732971599224;0.0002475530210366021;0.002335550541019376	70;1410;2640;5150;7530;10150	0.11707903911226195;0.1564063182474947;0.18154239214951629;0.21308849451737186;0.2550877578356969;0.2541819298117505	chr04	SIR4	918409.0	edge_plots/CGAATGCCATACAAA.png
CGATGATGATGATGA	-0.003640975743975228	-0.003294819160626989	-0.0039110474550549225	0.0007687965858422443	0.0017132532452333864	0.00016697907718561696	0.00029932000192419615	0.0005843054799023871	-0.00027710003938203866	0.0018003388183490726	9.697092470844454e-06	0.0024120658193393265	0.001745562055866253	0.0054686358277248135	0.0015259757098992494	0.003246252055451453	0.0004035988582990881	0.004268828949526484	-0.003640975743975228;0.0007687965858422443;0.00029932000192419615;0.0018003388183490726;0.001745562055866253;0.003246252055451453	70;1410;2640;5150;7530;10150	0.11707903911226195;0.1564063182474947;0.18154239214951629;0.21308849451737186;0.2550877578356969;0.2541819298117505	chr15		1060169.0	edge_plots/CGATGATGATGATGA.png
CGCGATCAATCCTCT	-0.09345438911364956	-0.1008542999337927	-0.08371671562029069	-0.12986320468957555	-0.14214782956904295	-0.0884749375323517													-0.09345438911364956;-0.12986320468957555	70;1410	0.11707903911226195;0.1564063182474947	chr09	MSL1	374564.0	edge_plots/CGCGATCAATCCTCT.png
CGTCAAGACCTTCTA	-0.031463631743991916	-0.0509589497875069	-0.03004391519095892	-0.033474272193416935	-0.0276319397719693	-0.0424810142316588	-0.039210145089089835	-0.040539083613776686	-0.037647870588762115	-0.06245630859484664		-0.06245630859484664	-0.03899801015602138	-0.03693273908225199	-0.04513135113110702	-0.07845036832720527	-0.0977877738729195	-0.05125535119205343	-0.031463631743991916;-0.033474272193416935;-0.039210145089089835;-0.06245630859484664;-0.03899801015602138;-0.07845036832720527	70;1410;2640;5150;7530;10150	0.11707903911226195;0.1564063182474947;0.18154239214951629;0.21308849451737186;0.2550877578356969;0.2541819298117505	chr04	UME6	866159.0	edge_plots/CGTCAAGACCTTCTA.png
CTAAGCAGTCTTCTC	-0.006969953763530253	-0.00636033893009171	-0.00784070067210388	-0.005779005760422628	-0.00541165900972273	-0.01722915347402704	-0.008652505748241161	-0.008935469417610559	-0.008359031756805562	-0.010238803866118818	-0.005169666144046585	-0.013950648518760905	-0.01894857162060636	-0.017628979245810385	-0.019748632007947964	-0.01360371472619622	-0.04150684523472825	-0.011517465405525777	-0.006969953763530253;-0.005779005760422628;-0.008652505748241161;-0.010238803866118818;-0.01894857162060636;-0.01360371472619622	70;1410;2640;5150;7530;10150	0.11707903911226195;0.1564063182474947;0.18154239214951629;0.21308849451737186;0.2550877578356969;0.2541819298117505	chr14	LAT1	492169.0	edge_plots/CTAAGCAGTCTTCTC.png
CTAAGTGTGAAGGAG	-0.03136577110866958	-0.029938281407283912	-0.03469645364716032	-0.01571902205005425	-0.011433774117889432	-0.04382435994207719	-0.029900043165691587	-0.06762514222729323	-0.02726370904477936										-0.03136577110866958;-0.01571902205005425;-0.029900043165691587	70;1410;2640	0.11707903911226195;0.1564063182474947;0.18154239214951629				edge_plots/CTAAGTGTGAAGGAG.png
CTACTTACAACGGAA	-0.00374572459388519	-0.0028803061975586873	-0.024084204295648056	-0.004999876579947338	-0.00374631470182955	-0.018794358579759998	-0.00718525492709269	-0.004529684611205695	-0.010413918874795284	0.0009710132255942717	0.003157716362320377	-0.005290696257239423	0.0009945739384249913	0.0025095245245224163	-0.026209036704734512	0.0007989936953623606	-0.0044758577083493754	0.003173490599438424	-0.00374572459388519;-0.004999876579947338;-0.00718525492709269;0.0009710132255942717;0.0009945739384249913;0.0007989936953623606	70;1410;2640;5150;7530;10150	0.11707903911226195;0.1564063182474947;0.18154239214951629;0.21308849451737186;0.2550877578356969;0.2541819298117505	chr05	KAP123	378817.0	edge_plots/CTACTTACAACGGAA.png
CTAGTTGTATAGCCA	-0.1175466017062846	-0.1175466017062846		-0.11323784657683796	-0.12740099174405287	-0.028380796361158558													-0.1175466017062846;-0.11323784657683796	70;1410	0.11707903911226195;0.1564063182474947	chr07	RRP46	675682.0	edge_plots/CTAGTTGTATAGCCA.png
CTATCAAGGCTTAAT	-0.06671355537640654	-0.07916849019501146	-0.053130061562732415	-0.07824812815002875	-0.08132381664311339	-0.05825171534563139	-0.0942420261489775	-0.0897538547935511	-0.1123232787412838	-0.05511467491271596	-0.04529158602861303	-0.1081542608326563	-0.10473908118945194	-0.10732878913314092	-0.10412603552684636	-0.09815719913226097	-0.08661702818047072	-0.14339846884760482	-0.06671355537640654;-0.07824812815002875;-0.0942420261489775;-0.05511467491271596;-0.10473908118945194;-0.09815719913226097	70;1410;2640;5150;7530;10150	0.11707903911226195;0.1564063182474947;0.18154239214951629;0.21308849451737186;0.2550877578356969;0.2541819298117505	chr04	RPL35B	218354.0	edge_plots/CTATCAAGGCTTAAT.png
CTATGCATTTACTCA	-0.09171077655266452	-0.07535986186209516	-0.10443139412344847	-0.06779766992362643	-0.06378838147327599	-0.08949036147914535													-0.09171077655266452;-0.06779766992362643	70;1410	0.11707903911226195;0.1564063182474947	chr05	GET2	326495.0	edge_plots/CTATGCATTTACTCA.png
CTCGCTAATACTCCT	0.0007896316509877855	0.002166420702389303	-0.002063005058119316	0.001189697422226102	0.0031482089073470486	0.0004800162884561626	-9.525585785264696e-05	-0.001029240386449058	0.0008479697336231205	0.0008252698313002447	0.0004877476647278842	0.0009755656736987543	0.00105104766279563	0.0020490662579688733	0.0002833842535407911	0.0015089421880775382	-0.000716075044886088	0.004460377797579316	0.0007896316509877855;0.001189697422226102;-9.525585785264696e-05;0.0008252698313002447;0.00105104766279563;0.0015089421880775382	70;1410;2640;5150;7530;10150	0.11707903911226195;0.1564063182474947;0.18154239214951629;0.21308849451737186;0.2550877578356969;0.2541819298117505	chr15	RGS2	521604.0	edge_plots/CTCGCTAATACTCCT.png
CTCTTGAGAATACTT	-0.0633043610050456	-0.07081398949286613	-0.05416914424539273	-0.053659393756019934	-0.05209066920311773	-0.06594460417582604	-0.10654558026728783	-0.10841390121060436	-0.10573525109578144	-0.08620179174106904	-0.08640032048359039	-0.0858571562942978	-0.09528403137766056	-0.07620279462376812	-0.10591585513236276	-0.09274200617617592	-0.06858319508493123	-0.12303437085754422	-0.0633043610050456;-0.053659393756019934;-0.10654558026728783;-0.08620179174106904;-0.09528403137766056;-0.09274200617617592	70;1410;2640;5150;7530;10150	0.11707903911226195;0.1564063182474947;0.18154239214951629;0.21308849451737186;0.2550877578356969;0.2541819298117505	chr05	SLX8	395988.0	edge_plots/CTCTTGAGAATACTT.png
CTGATTTGTGCTGTC	-0.007358494055030405	-0.008982509355161237	-0.006626248781789655	-0.014679308041271434	-0.030746751533399463	-0.013598953592095994	-0.006034294153436983	-0.005728749346661854	-0.006245796715730011	-0.018392792007569488	0.018584713720842597	-0.02469029997328161	-0.017851970419499482	-0.003032018765134413	-0.0735512010818595	-0.010873745675669646	-0.03449608694565332	-0.004957445401718017	-0.007358494055030405;-0.014679308041271434;-0.006034294153436983;-0.018392792007569488;-0.017851970419499482;-0.010873745675669646	70;1410;2640;5150;7530;10150	0.11707903911226195;0.1564063182474947;0.18154239214951629;0.21308849451737186;0.2550877578356969;0.2541819298117505				edge_plots/CTGATTTGTGCTGTC.png
CTTGATCAATCAAAA	-0.018364176646407118	-0.0177273859952364	-0.01911419686331845	-0.01858805946876589	-0.016418715341126426	-0.01999671317100232	-0.016699458768644246	-0.011389109963210674	-0.01857046522218052	-0.019064522964406708	-0.019930742300078155	-0.01808900633024381	-0.013632934088566456	-0.013185740135016546	-0.014926816579078513	-0.015912657114542306	-0.020048041314264225	-0.011924162869933044	-0.018364176646407118;-0.01858805946876589;-0.016699458768644246;-0.019064522964406708;-0.013632934088566456;-0.015912657114542306	70;1410;2640;5150;7530;10150	0.11707903911226195;0.1564063182474947;0.18154239214951629;0.21308849451737186;0.2550877578356969;0.2541819298117505	chr04	PPM1	1333471.0	edge_plots/CTTGATCAATCAAAA.png
CTTGCAAGTGTAATT	-0.012490888146872934	-0.020294474649244387	-0.006743749234704834	-0.05887385377804773	-0.061244255173167776	-0.05268872105411021	-0.06235744638864106	-0.061499614160241	-0.06277185472364591	-0.022947473699737028	-0.007952516939918755	-0.02643328455304165	-0.032629814868852414	-0.03263045930469124	-0.032628778945123935	-0.03301694179757168	-0.03558716182322318	-0.02907949510016492	-0.012490888146872934;-0.05887385377804773;-0.06235744638864106;-0.022947473699737028;-0.032629814868852414;-0.03301694179757168	70;1410;2640;5150;7530;10150	0.11707903911226195;0.1564063182474947;0.18154239214951629;0.21308849451737186;0.2550877578356969;0.2541819298117505	chr04		38452.0	edge_plots/CTTGCAAGTGTAATT.png
GAACTCAGGTTCCAT	-0.02259417537353897	-0.020013782756638437	-0.023753682931754408	-0.023795571917955068	-0.02252102266482832	-0.0326642072523532	-0.021555009068941557	-0.02431613604214316	-0.019122127190908	-0.020613815559287048	-0.0265310491824434	-0.01691482121495097	-0.030366421645229263	-0.042319648040956746	-0.02348378210862507	-0.029591665329721392	-0.030134625706711094	-0.02796263298885712	-0.02259417537353897;-0.023795571917955068;-0.021555009068941557;-0.020613815559287048;-0.030366421645229263;-0.029591665329721392	70;1410;2640;5150;7530;10150	0.11707903911226195;0.1564063182474947;0.18154239214951629;0.21308849451737186;0.2550877578356969;0.2541819298117505	chr13	MME1	594451.0	edge_plots/GAACTCAGGTTCCAT.png
GAGAATGAAGGACAG	-0.008199257377604751	-0.005016737874635297	-0.013629865945901057	-0.014148467771568403	-0.012985433929830942	-0.02045303085516127	-0.020702254919232683	-0.020157647325913446	-0.02245755296706311	-0.018774875663712567	-0.013786900887988323	-0.02290676214177186	-0.031382430352445215	-0.0277477843578208	-0.040515864146134464	-0.03379085984507997	-0.03537078406742478	-0.028634256980309806	-0.008199257377604751;-0.014148467771568403;-0.020702254919232683;-0.018774875663712567;-0.031382430352445215;-0.03379085984507997	70;1410;2640;5150;7530;10150	0.11707903911226195;0.1564063182474947;0.18154239214951629;0.21308849451737186;0.2550877578356969;0.2541819298117505	chr08	RSC30	216621.0	edge_plots/GAGAATGAAGGACAG.png
GAGTGCTTCAAAGTT	-0.022344267910558952	-0.02422977845380997	-0.01624266105931621	-0.014861177136377744	-0.01348582376137955	-0.01663425978262027	-0.02166981520018967	-0.025175629735675772	-0.016212699464592525	-0.0009141489269926534	0.004206991033951726	-0.01133631648900311	-0.00799911555942231	-0.007090503543660055	-0.009436388267682573	-0.014989453537127669	-0.014422246377205638	-0.015147218980312727	-0.022344267910558952;-0.014861177136377744;-0.02166981520018967;-0.0009141489269926534;-0.00799911555942231;-0.014989453537127669	70;1410;2640;5150;7530;10150	0.11707903911226195;0.1564063182474947;0.18154239214951629;0.21308849451737186;0.2550877578356969;0.2541819298117505	chr10	RPS14B	73923.0	edge_plots/GAGTGCTTCAAAGTT.png
GCAAGAAAGAAACCC	-0.060214722225974335	-0.06321723671369303	-0.05996203014505173	-0.06250125674924563	-0.058180234738819614	-0.06938467570081865	-0.06320674983895208	-0.0929752325151416	-0.0476148045570784										-0.060214722225974335;-0.06250125674924563;-0.06320674983895208	70;1410;2640	0.11707903911226195;0.1564063182474947;0.18154239214951629	chr11		613929.0	edge_plots/GCAAGAAAGAAACCC.png
GCCCTCGAAACCTAT	-0.04589919706523125	-0.052786547186421694	-0.04297758268708507	-0.06949420940946607	-0.06949420940946607		-0.09107606941141916	-0.07583028633682196	-0.0942628018640146	-0.07893717576452294	-0.07872432272727205	-0.07996823928905468	-0.09312879007682497	-0.09817715128648924	-0.08797926004366217	-0.10668101121873746	-0.07425983700809803	-0.13020547065966287	-0.04589919706523125;-0.06949420940946607;-0.09107606941141916;-0.07893717576452294;-0.09312879007682497;-0.10668101121873746	70;1410;2640;5150;7530;10150	0.11707903911226195;0.1564063182474947;0.18154239214951629;0.21308849451737186;0.2550877578356969;0.2541819298117505	chr12	SPT8	251599.0	edge_plots/GCCCTCGAAACCTAT.png
GCTGCTTATGAGGAT	-0.0041036624183149574	-0.007455474068275781	-0.0032354518563856463	0.00041806231461227327	0.0011197699931914456	0.00020160570744720882	-2.0359529467286288e-05	0.0012528359209911881	-0.0028930578608279763	0.0009062674582338961	0.003683075505721293	-0.0069171903402663005	0.0018696352794909281	0.003691194001910124	-0.0069378796518212715	-0.0005706022219585262	-0.0034834109881592586	0.002788799296883001	-0.0041036624183149574;0.00041806231461227327;-2.0359529467286288e-05;0.0009062674582338961;0.0018696352794909281;-0.0005706022219585262	70;1410;2640;5150;7530;10150	0.11707903911226195;0.1564063182474947;0.18154239214951629;0.21308849451737186;0.2550877578356969;0.2541819298117505				edge_plots/GCTGCTTATGAGGAT.png
GGTGGAAGTAGCAGT	-0.09191930757199078	-0.10394020302210934	-0.08133825985560696	-0.0835173647875359	-0.07944528585554557	-0.1046493454867428	-0.06965536529072767	-0.07150217952072771	-0.06688858960975226	-0.0940299062164206	-0.08833499029850184	-0.0954431258806793	-0.10537492754370176	-0.10177246500034608	-0.11375709515405978	-0.12163604713220587	-0.12078429114804272	-0.12181723835004855	-0.09191930757199078;-0.0835173647875359;-0.06965536529072767;-0.0940299062164206;-0.10537492754370176;-0.12163604713220587	70;1410;2640;5150;7530;10150	0.11707903911226195;0.1564063182474947;0.18154239214951629;0.21308849451737186;0.2550877578356969;0.2541819298117505	chr06	PHO4	225545.0	edge_plots/GGTGGAAGTAGCAGT.png
GGTTGCCCAGAAGTA	-0.015789124019397967	-0.018669259574833175	-0.012835830579089113	-0.007079016284025892	-0.0038610341481496563	-0.011473446855439077	-0.004214611575293534	-0.002979551888012437	-0.02396998661029107	-0.003948239385144274	0.005164204688509683	-0.005941852966976835	-0.014514255186559863	-0.01568209961230739	-0.012371651453509307	-0.006376481538951049	-0.005958125850314343	-0.008280696367520731	-0.015789124019397967;-0.007079016284025892;-0.004214611575293534;-0.003948239385144274;-0.014514255186559863;-0.006376481538951049	70;1410;2640;5150;7530;10150	0.11707903911226195;0.1564063182474947;0.18154239214951629;0.21308849451737186;0.2550877578356969;0.2541819298117505	chr04	UBP1	242790.0	edge_plots/GGTTGCCCAGAAGTA.png
GTAATCTGACTCTAG	-0.10671095152557833	-0.13990186822250522	-0.07947357615761705	-0.07961596609663292	-0.0851013981384668	-0.05688687920720203	-0.0978183525551068	-0.08825829006090302	-0.10297794729332466	-0.06618595155206883	-0.06072865152443412	-0.0844678711983068	-0.16690775912005146	-0.1536148321950988	-0.17491944617748606	-0.11096620191689996	-0.11105794623538363	-0.10995572291729064	-0.10671095152557833;-0.07961596609663292;-0.0978183525551068;-0.06618595155206883;-0.16690775912005146;-0.11096620191689996	70;1410;2640;5150;7530;10150	0.11707903911226195;0.1564063182474947;0.18154239214951629;0.21308849451737186;0.2550877578356969;0.2541819298117505	chr06	RPL2A	220821.0	edge_plots/GTAATCTGACTCTAG.png
GTACAAGAAATTTTG	-0.00836775559815877	-0.00761670814265932	-0.00982937799558955	-0.003218173072004098	-0.0025049248598707557	-0.07676930790691566	-0.007130384817363609	-0.011500617322300276	-0.006493221681337374	-0.01714696039966405	-0.015465532645454643	-0.018539164632622705	-0.00848327218760395	-0.008019678564279854	-0.012807531848634044	-0.0037511463936087093	-0.005206560005549122	-0.003355355840037353	-0.00836775559815877;-0.003218173072004098;-0.007130384817363609;-0.01714696039966405;-0.00848327218760395;-0.0037511463936087093	70;1410;2640;5150;7530;10150	0.11707903911226195;0.1564063182474947;0.18154239214951629;0.21308849451737186;0.2550877578356969;0.2541819298117505	chr15		1013217.0	edge_plots/GTACAAGAAATTTTG.png
GTCACCGGCACTAAC	-0.005141058261917945	-0.004220810559889829	-0.009664391056116951	-0.003202794943818456	-0.0044520287891159326	-0.002156964840042404	-0.006104604571417458	-0.012158945308658749	0.0022090671339620623	-0.002307692234561807	0.006719636680308634	-0.002726147908555958	-0.003383681285466799	-0.0034953204092016093	-0.001993971522934664	0.0013219582850621586	0.004003256714356865	-0.0007781455114235612	-0.005141058261917945;-0.003202794943818456;-0.006104604571417458;-0.002307692234561807;-0.003383681285466799;0.0013219582850621586	70;1410;2640;5150;7530;10150	0.11707903911226195;0.1564063182474947;0.18154239214951629;0.21308849451737186;0.2550877578356969;0.2541819298117505	chr04	SIR4	918356.0	edge_plots/GTCACCGGCACTAAC.png
GTGTGATTACTAAAT	-0.0965095903255144	-0.09780335045597896	-0.09042816701121656	-0.08949550629186978	-0.09659494199308538	-0.0808661709532783	-0.10882590595511077	-0.10482639829183107	-0.1311091421980154	-0.11195312078416374	-0.10432364922262033	-0.12029806479135564	-0.09347995179364273	-0.09421938102474499	-0.091240549522375	-0.09842042598514984	-0.09757303615732234	-0.1019895316186614	-0.0965095903255144;-0.08949550629186978;-0.10882590595511077;-0.11195312078416374;-0.09347995179364273;-0.09842042598514984	70;1410;2640;5150;7530;10150	0.11707903911226195;0.1564063182474947;0.18154239214951629;0.21308849451737186;0.2550877578356969;0.2541819298117505	chr09		99489.0	edge_plots/GTGTGATTACTAAAT.png
GTTAAATCAACAGTT	-0.02503769706049749	-0.027815479005117397	-0.02241126769344596	-0.02620823774450782	-0.020370496004407216	-0.03409602584224767	-0.14279900371614762	-0.16018668162122424	-0.12787855413077548	-0.09460439348330668	-0.07538679060791106	-0.10641889704301276	-0.08960702053985077	-0.08169286537274892	-0.09196586468490027	-0.11225557789842217	-0.11063593739777963	-0.12752321976174344	-0.02503769706049749;-0.02620823774450782;-0.14279900371614762;-0.09460439348330668;-0.08960702053985077;-0.11225557789842217	70;1410;2640;5150;7530;10150	0.11707903911226195;0.1564063182474947;0.18154239214951629;0.21308849451737186;0.2550877578356969;0.2541819298117505	chr05	SLX8	395676.0	edge_plots/GTTAAATCAACAGTT.png
GTTCAGCTTTGATCG	-0.04688705560164101	-0.051390319294985935	-0.04364910747618216	-0.05039864726955389	-0.043002693465766934	-0.060942641158087126	-0.03506871665667858	-0.05440426510830548	-0.03425337300325832	-0.02155234025547404	-0.020167144169822	-0.022965538309175585	-0.031876435844265985	-0.0502994294513396	-0.03160695693089029	-0.03497987603213607	-0.02787564012809242	-0.03838802456252769	-0.04688705560164101;-0.05039864726955389;-0.03506871665667858;-0.02155234025547404;-0.031876435844265985;-0.03497987603213607	70;1410;2640;5150;7530;10150	0.11707903911226195;0.1564063182474947;0.18154239214951629;0.21308849451737186;0.2550877578356969;0.2541819298117505	chr12	VPS36	955654.0	edge_plots/GTTCAGCTTTGATCG.png
GTTGAACTGGTTGTT	-0.02090178928906028	-0.014540190052373734	-0.040138762677623056	-0.032130139069440636	-0.0359758588496975	-0.0300601041288772	-0.02673897046039236	-0.056040271206676866	-0.02591591565127907	-0.011716453391714723	-0.046773680268969206	-0.010542470815565044	-0.011882594819616643	-0.010498258001711223	-0.012131160612046122	-0.01572270886416241	-0.012447377395064955	-0.01839636333085998	-0.02090178928906028;-0.032130139069440636;-0.02673897046039236;-0.011716453391714723;-0.011882594819616643;-0.01572270886416241	70;1410;2640;5150;7530;10150	0.11707903911226195;0.1564063182474947;0.18154239214951629;0.21308849451737186;0.2550877578356969;0.2541819298117505	chr12	STM1	440958.0	edge_plots/GTTGAACTGGTTGTT.png
GTTGGGCGCTTAAAG	-0.001315042429545136	-0.0009566249625620028	-0.0016247173898886968	-1.7870135543925892e-06	-0.0030214259256855567	0.0004579762891991582	-0.0007486950980068338	-0.0006714259439989633	-0.0008052669513770275	-0.001865322719005254	-0.0020114116751749566	-0.0017139717787897865	0.0016700127777010405	0.000819464130228198	0.004199446062512117	0.001246484612689922	-0.001828205787607821	0.00522623444382057	-0.001315042429545136;-1.7870135543925892e-06;-0.0007486950980068338;-0.001865322719005254;0.0016700127777010405;0.001246484612689922	70;1410;2640;5150;7530;10150	0.11707903911226195;0.1564063182474947;0.18154239214951629;0.21308849451737186;0.2550877578356969;0.2541819298117505	chr13		759272.0	edge_plots/GTTGGGCGCTTAAAG.png
GTTTAGCTTCCGTTG	-0.10278495790196564	-0.09004497765289607	-0.10476248782703083	-0.09039818329873114	-0.10531912892593456	-0.07748586839662346	-0.1278611755906341	-0.11321812216104188	-0.14072250341359852	-0.10592291970873187	-0.07923075085269171	-0.12073872020525556	-0.12536733301134498	-0.13659354579290447	-0.12017018727568335	-0.14349937070672086	-0.14398620479688595	-0.14118845734845914	-0.10278495790196564;-0.09039818329873114;-0.1278611755906341;-0.10592291970873187;-0.12536733301134498;-0.14349937070672086	70;1410;2640;5150;7530;10150	0.11707903911226195;0.1564063182474947;0.18154239214951629;0.21308849451737186;0.2550877578356969;0.2541819298117505	chr09	RPL16A	99074.0	edge_plots/GTTTAGCTTCCGTTG.png
GTTTGTTTTGGGAAA	-0.15711959927628422	-0.14258749145290886	-0.1609003851542371							-0.12060284578531963	-0.09534872320313198	-0.17823667510306276				-0.20667669830866733	-0.1960458040649825	-0.21333628843085475	-0.15711959927628422;-0.12060284578531963;-0.20667669830866733	70;5150;10150	0.11707903911226195;0.21308849451737186;0.2541819298117505	chr07		526948.0	edge_plots/GTTTGTTTTGGGAAA.png
TAACCTCGCGCTGAG	0.007608126896548549	0.009297891691901835	0.006070982693067254	-0.0017640927827838636	1.8796090302038903e-06	-0.006896662160447021	0.004022560022042575	0.004593132281731342	0.0024282555832450523	-0.04412308140930557	-0.05015202738954285	-0.042212160794399024	-0.03048369634017036	-0.042665301954163785	-0.024129518351059524	-0.01985519006500504	-0.019352049182889287	-0.05554823486920248	0.007608126896548549;-0.0017640927827838636;0.004022560022042575;-0.04412308140930557;-0.03048369634017036;-0.01985519006500504	70;1410;2640;5150;7530;10150	0.11707903911226195;0.1564063182474947;0.18154239214951629;0.21308849451737186;0.2550877578356969;0.2541819298117505	chr08		190430.0	edge_plots/TAACCTCGCGCTGAG.png
TAATATTGTTTTGCG	-0.07209310783913299	-0.08603068934184928	-0.06302630320582177	-0.06516302792614154	-0.0708559419455959	-0.06396814040302896	-0.07915895472017867	-0.09013569493018138	-0.07720201041008944	-0.09553641093532908	-0.07435525771347155	-0.12813639162791454	-0.10504167474902423	-0.10276261943364914	-0.10926376827492447	-0.07781049055245301	-0.05680241709821654	-0.11409421848516198	-0.07209310783913299;-0.06516302792614154;-0.07915895472017867;-0.09553641093532908;-0.10504167474902423;-0.07781049055245301	70;1410;2640;5150;7530;10150	0.11707903911226195;0.1564063182474947;0.18154239214951629;0.21308849451737186;0.2550877578356969;0.2541819298117505	chr05	UBP3	472172.0	edge_plots/TAATATTGTTTTGCG.png
TAGACGGACATCTTC	-0.043801016179864136	-0.04636077232923057	-0.04089241109534855	-0.031321665118950126	-0.03923693732720944	-0.02938053037181976	-0.027958927714223092	-0.011429442511173673	-0.03507436466954302	-0.01712431172400249	-0.00927558645867815	-0.041656487697201136	-0.03628015923007166	-0.03669270596587642	-0.036197004757688035	-0.027976951248618626	-0.027864444826043902	-0.028523385052509287	-0.043801016179864136;-0.031321665118950126;-0.027958927714223092;-0.01712431172400249;-0.03628015923007166;-0.027976951248618626	70;1410;2640;5150;7530;10150	0.11707903911226195;0.1564063182474947;0.18154239214951629;0.21308849451737186;0.2550877578356969;0.2541819298117505	chr12	RPL31B	931254.0	edge_plots/TAGACGGACATCTTC.png
TATATTGAACTTTAC	0.0012137698065579393	0.002483203286738908	0.00033327629211115696	-0.004065228920419225	-0.0041479569971296865	-0.003994167203350407	0.001147879042750168	-0.00011766307321056608	0.0017197065461912622	0.001610225251387336	0.0017269845335950171	0.0013220641197181585	0.002671768227475938	0.0016378346244833256	0.003951337082060971	0.00048464074881151035	-9.385380206538863e-05	0.001309922785998669	0.0012137698065579393;-0.004065228920419225;0.001147879042750168;0.001610225251387336;0.002671768227475938;0.00048464074881151035	70;1410;2640;5150;7530;10150	0.11707903911226195;0.1564063182474947;0.18154239214951629;0.21308849451737186;0.2550877578356969;0.2541819298117505	chr08		417454.0	edge_plots/TATATTGAACTTTAC.png
TATGCCCTTCTTCTG	-0.01379434710228998	-0.015938618284912352	-0.012594964473502435	-0.018630802257682776	-0.014484415695509815	-0.01940484404986838	-0.0165943929335016	-0.014796229515161331	-0.01901573793154176	-0.023161060918478426	-0.01624033758638703	-0.029719145457467924	-0.02012772780029781	-0.027987994433534728	-0.016853934037038092	-0.022386585675206214	-0.03518591715347534	-0.01828347123555609	-0.01379434710228998;-0.018630802257682776;-0.0165943929335016;-0.023161060918478426;-0.02012772780029781;-0.022386585675206214	70;1410;2640;5150;7530;10150	0.11707903911226195;0.1564063182474947;0.18154239214951629;0.21308849451737186;0.2550877578356969;0.2541819298117505	chr09	HOS4	152566.0	edge_plots/TATGCCCTTCTTCTG.png
TCAAAACGGAGTGTT	0.002219082171695888	-0.00022289468911842266	0.0032321710612267357	0.00234052825923754	0.002637724384402875	0.002269658861942673	-4.189173071995981e-05	0.0008064695465370126	-0.001371638542117691	-0.0006664036564894679	-0.0011756949873027605	-0.0005084635874485633	-0.002869948318985452	-0.002559676918760036	-0.003227408516544829	-0.0014693253567418685	-0.0032335606157962078	0.0017483154987068428	0.002219082171695888;0.00234052825923754;-4.189173071995981e-05;-0.0006664036564894679;-0.002869948318985452;-0.0014693253567418685	70;1410;2640;5150;7530;10150	0.11707903911226195;0.1564063182474947;0.18154239214951629;0.21308849451737186;0.2550877578356969;0.2541819298117505	chr04		1125096.0	edge_plots/TCAAAACGGAGTGTT.png
TCAAAGCATGAAAAA	-0.05449293748053488	-0.051014321477954594	-0.06079835910804988	-0.03382527179512841	-0.03348337157285638	-0.03394778997235216	-0.03908946745520872	-0.039447246263582716	-0.03758538799623961	-0.02511018231191124	-0.024308510230619158	-0.02561498077451193	-0.02441405374014075	-0.02603706063473041	-0.022199791237610112	-0.02776221152635233	-0.027325469593127958	-0.030052749405207687	-0.05449293748053488;-0.03382527179512841;-0.03908946745520872;-0.02511018231191124;-0.02441405374014075;-0.02776221152635233	70;1410;2640;5150;7530;10150	0.11707903911226195;0.1564063182474947;0.18154239214951629;0.21308849451737186;0.2550877578356969;0.2541819298117505	chr04	SUM1	1081712.0	edge_plots/TCAAAGCATGAAAAA.png
TCAAATGATGAGGAT	-0.019882261671748124	-0.021476334961065626	-0.01956011328651394	-0.032201253218513644	-0.032226809534724614	-0.03194537403586576	-0.028247003216520614	-0.04533120399273659	-0.026724101143339264	-0.044599193459076716	-0.021996530386929704	-0.0464175111888691	-0.029259413818814056	-0.026072318890089503	-0.03531322513553205	-0.02979483308865935	-0.028489742720898374	-0.03680047944736088	-0.019882261671748124;-0.032201253218513644;-0.028247003216520614;-0.044599193459076716;-0.029259413818814056;-0.02979483308865935	70;1410;2640;5150;7530;10150	0.11707903911226195;0.1564063182474947;0.18154239214951629;0.21308849451737186;0.2550877578356969;0.2541819298117505	chr01	FUN30	114934.0	edge_plots/TCAAATGATGAGGAT.png
TCAACAACCTATGCA	0.002721516553903299	0.0014603010720981805	0.003103406655141413	-0.006918834695134706	-0.007277393464373634	-0.006774179258698032	-0.007201109413704372	-0.006736648781342237	-0.008601454557233188	-0.009348989725376785	-0.003355526724576345	-0.009847087700868791	-0.008831499754950898	-0.007956740474164739	-0.009218641381117243	-0.00538972607429526	-0.003369361319605316	-0.012276832391871636	0.002721516553903299;-0.006918834695134706;-0.007201109413704372;-0.009348989725376785;-0.008831499754950898;-0.00538972607429526	70;1410;2640;5150;7530;10150	0.11707903911226195;0.1564063182474947;0.18154239214951629;0.21308849451737186;0.2550877578356969;0.2541819298117505	chr04	EBS1	864603.0	edge_plots/TCAACAACCTATGCA.png
TCAGAGCATTGGCCT	-0.02576948260046995	-0.027077800761360515	-0.025599134946112108	-0.016034806284931404	-0.0059077561201463565	-0.033548763001641016	-0.04110828057409993	-0.04187315678197411	-0.04061324604732641	-0.039215536316903235	-0.03914747819592475	-0.03923635194953642	-0.03175045396063162	-0.03513764300415885	-0.01650560244895285	-0.025885416491769186	-0.0099817821458712	-0.031327433937043334	-0.02576948260046995;-0.016034806284931404;-0.04110828057409993;-0.039215536316903235;-0.03175045396063162;-0.025885416491769186	70;1410;2640;5150;7530;10150	0.11707903911226195;0.1564063182474947;0.18154239214951629;0.21308849451737186;0.2550877578356969;0.2541819298117505	chr15	PDE2	1013792.0	edge_plots/TCAGAGCATTGGCCT.png
TCATAGGTATCTCGC	-0.0017094152965022715	-0.0021885852356830714	-0.0014305994938092878	-0.0046047386480955405	-0.0019131003760913363	-0.008988765921622474	-0.004688333620403683	-0.004230761255736928	-0.005449731359959349	-0.0015999555012239405	-0.002336280942664597	-0.00095766297296141	-0.0009016638107369482	-0.0008624150890207753	-0.0009931817217505132	2.357190251865628e-05	-0.0006807142192744471	0.0006334162254519689	-0.0017094152965022715;-0.0046047386480955405;-0.004688333620403683;-0.0015999555012239405;-0.0009016638107369482;2.357190251865628e-05	70;1410;2640;5150;7530;10150	0.11707903911226195;0.1564063182474947;0.18154239214951629;0.21308849451737186;0.2550877578356969;0.2541819298117505	chr05	TRP2	338178.0	edge_plots/TCATAGGTATCTCGC.png
TCGAAAGCACAGTAG	-0.10200926232549064	-0.09320533271016113	-0.11884929268983754	-0.1039844173453541	-0.1019670837974205	-0.10696864098836846	-0.09386310699461184	-0.12427927704637425	-0.08537631167067039	-0.12735406422941273	-0.08260167602238527	-0.14785736118327014	-0.10721236484413534	-0.08209981421294564	-0.11416693772221867	-0.06065914433673355	-0.06883012943069816	-0.05830010057676625	-0.10200926232549064;-0.1039844173453541;-0.09386310699461184;-0.12735406422941273;-0.10721236484413534;-0.06065914433673355	70;1410;2640;5150;7530;10150	0.11707903911226195;0.1564063182474947;0.18154239214951629;0.21308849451737186;0.2550877578356969;0.2541819298117505	chr08		189888.0	edge_plots/TCGAAAGCACAGTAG.png
TCGATAGAATTTACT	0.0039444763542398975	0.0016133608307784615	0.013934560634584757	-0.009801031346103698	-0.0012822620191734993	-0.010706657548077224	-0.012860116793971579	-0.02305806512209017	-0.010240933470503843	-0.017858140022033776	-0.012373215304601856	-0.02238793151750586	-0.012918017355977886	-0.0465973840961677	-0.011744798815830048	-0.04859470175235283	-0.04859470175235284		0.0039444763542398975;-0.009801031346103698;-0.012860116793971579;-0.017858140022033776;-0.012918017355977886;-0.04859470175235283	70;1410;2640;5150;7530;10150	0.11707903911226195;0.1564063182474947;0.18154239214951629;0.21308849451737186;0.2550877578356969;0.2541819298117505	chr13	SCJ1	695821.0	edge_plots/TCGATAGAATTTACT.png
TCTTGGAGGTGAATG	-0.0007087741714097573	-0.0002629374590855229	-0.0011136257328181716	-0.05150994059250884	-0.06855169810590155	-0.0380258954559055	-0.027828450926696103	-0.02883771047387026	-0.026050034161839708	-0.06825231622288587	-0.06869619711909447	-0.06820286564852525	-0.038008555114443086	-0.03790671795969508	-0.03816943343773605	-0.06577453120724015	-0.06125862378909538	-0.08508085795771576	-0.0007087741714097573;-0.05150994059250884;-0.027828450926696103;-0.06825231622288587;-0.038008555114443086;-0.06577453120724015	70;1410;2640;5150;7530;10150	0.11707903911226195;0.1564063182474947;0.18154239214951629;0.21308849451737186;0.2550877578356969;0.2541819298117505	chr10	STE24	642829.0	edge_plots/TCTTGGAGGTGAATG.png
TGATCATCACGGGAC	0.0042970174920174495	0.0015220053089447262	0.005333251681487245	-0.007541906132803826	-0.004441344982479348	-0.008596759015731472	-0.0026466194953267924	-0.004365069973284595	-0.001739733851922317	-0.002768222028889104	0.002512195348584978	-0.010434280688712312	-0.0042467832814202825	-0.002006732130060285	-0.010620173813904848	-0.008492519514156827	-0.014027462479017346	-0.005962948143533845	0.0042970174920174495;-0.007541906132803826;-0.0026466194953267924;-0.002768222028889104;-0.0042467832814202825;-0.008492519514156827	70;1410;2640;5150;7530;10150	0.11707903911226195;0.1564063182474947;0.18154239214951629;0.21308849451737186;0.2550877578356969;0.2541819298117505	chr01	FLC2	47217.0	edge_plots/TGATCATCACGGGAC.png
TGGAGTCTTTGTTGA	-0.07457800701802217	-0.08924592068672503	-0.07243747998269646	-0.07306655396744223	-0.06824764780815833	-0.07579895275776444	-0.07713288740852821	-0.07271600887768681	-0.08770281255412532	-0.05458591291902797	-0.0548735161381523	-0.054376556470554435	-0.05369696229826098	-0.0558875534898248	-0.0521139310922334	-0.044285559299246165	-0.040131137217690765	-0.04524480016588922	-0.07457800701802217;-0.07306655396744223;-0.07713288740852821;-0.05458591291902797;-0.05369696229826098;-0.044285559299246165	70;1410;2640;5150;7530;10150	0.11707903911226195;0.1564063182474947;0.18154239214951629;0.21308849451737186;0.2550877578356969;0.2541819298117505	chr09	NOT3	281357.0	edge_plots/TGGAGTCTTTGTTGA.png
TTAATTAGAGGTATG	-0.010992784058080258	-0.013348820851020578	-0.010684215833008548	-0.012163083931377687	-0.01401532666363197	-0.009401939761915014	-0.01271878160548008	-0.0181099213560272	-0.0110946400036195	-0.010829843002875254	-0.0135633333847847	-0.010421028494674424	-0.00592224436017674	-0.0038307552829143147	-0.016573371131827542	-0.019961338748475263	-0.0268025149236418	-0.01827614299290881	-0.010992784058080258;-0.012163083931377687;-0.01271878160548008;-0.010829843002875254;-0.00592224436017674;-0.019961338748475263	70;1410;2640;5150;7530;10150	0.11707903911226195;0.1564063182474947;0.18154239214951629;0.21308849451737186;0.2550877578356969;0.2541819298117505	chr04	CBS1	333143.0	edge_plots/TTAATTAGAGGTATG.png
TTAATTGCACTTATG	-0.04228418596685106	-0.12674126135969993	-0.02106105161008309	-0.0218042624771502	-0.01400276975520416	-0.02373695634510975	-0.041602160717868174	-0.049371606982113736	-0.018297381135992576	-0.0010786461138855075	0.0028451985522676033	-0.0128025539251261	-0.0008973440816602061	-0.0005846460164948278	-0.04852734298613605	0.0037188580521712897	-0.003485738257102169	0.006724925759654289	-0.04228418596685106;-0.0218042624771502;-0.041602160717868174;-0.0010786461138855075;-0.0008973440816602061;0.0037188580521712897	70;1410;2640;5150;7530;10150	0.11707903911226195;0.1564063182474947;0.18154239214951629;0.21308849451737186;0.2550877578356969;0.2541819298117505				edge_plots/TTAATTGCACTTATG.png
TTAGTCTTTCCATCA	-0.01681099022457851	-0.01255310401197386	-0.01851763082795197	-0.0074124087530085215	-0.007494776370782974	-0.007270319767983694	-0.024673769872892944	-0.022416760410085668	-0.026904112562256728	-0.019414894080486862	-0.01266532842112563	-0.02351317664084331	-0.019675229942992502	-0.018818294905339646	-0.02132375521744335	-0.005499713857463043	-0.01692331135090181	-0.003467510901397225	-0.01681099022457851;-0.0074124087530085215;-0.024673769872892944;-0.019414894080486862;-0.019675229942992502;-0.005499713857463043	70;1410;2640;5150;7530;10150	0.11707903911226195;0.1564063182474947;0.18154239214951629;0.21308849451737186;0.2550877578356969;0.2541819298117505	chr13	COG8	130707.0	edge_plots/TTAGTCTTTCCATCA.png
TTATATTTATTTGCT	-0.0013801939491758534	-0.0010225983964609066	-0.0018909514006857464	-0.0030894387444327163	-0.00017982662271969174	-0.004819427041397561	-0.0025536723452594732	-0.003406628270849071	-0.0018041471646402637	-0.00034437954471703723	-0.0017296909332847885	0.0011441309712544856	0.00032499277750737974	-0.0027802173408719424	0.002100558227950427	-0.0017578397845743401	-0.0062020017845558825	0.00031070138169555497	-0.0013801939491758534;-0.0030894387444327163;-0.0025536723452594732;-0.00034437954471703723;0.00032499277750737974;-0.0017578397845743401	70;1410;2640;5150;7530;10150	0.11707903911226195;0.1564063182474947;0.18154239214951629;0.21308849451737186;0.2550877578356969;0.2541819298117505	chr12	SIR3	1020124.0	edge_plots/TTATATTTATTTGCT.png
TTTAACTCACCGTAA	-0.038861045775777606	-0.03889123826894444	-0.03885461245361261	-0.03701086393024653	-0.03686357337304052	-0.037249896289159895	-0.018133671771052875	-0.016368862508828443	-0.021788264728057668	-0.026014469425561938	-0.025312156260812783	-0.02978946020915162	-0.0491769919300694	-0.044295217300860966	-0.06399256828241646	-0.04920495097236778	-0.04394794352656392	-0.06146226055077264	-0.038861045775777606;-0.03701086393024653;-0.018133671771052875;-0.026014469425561938;-0.0491769919300694;-0.04920495097236778	70;1410;2640;5150;7530;10150	0.11707903911226195;0.1564063182474947;0.18154239214951629;0.21308849451737186;0.2550877578356969;0.2541819298117505	chr12		925283.0	edge_plots/TTTAACTCACCGTAA.png
TTTATAAATCAATAG	0.0002247924280465285	0.0008468502133085826	-0.0004911779362982295	-0.0008408042510166371	-0.00247321079321826	-0.0003585941912594647	-0.0010290655157529558	0.0001040386104182778	-0.001321808274340784	0.0016478468093698204	0.002640053137746129	0.0003742826400068338	0.0007878966842986244	0.0012311766352871012	0.00020966831969760426	0.0024846476254459897	-0.0005922324487443384	0.004576364184622511	0.0002247924280465285;-0.0008408042510166371;-0.0010290655157529558;0.0016478468093698204;0.0007878966842986244;0.0024846476254459897	70;1410;2640;5150;7530;10150	0.11707903911226195;0.1564063182474947;0.18154239214951629;0.21308849451737186;0.2550877578356969;0.2541819298117505	chr05		372099.0	edge_plots/TTTATAAATCAATAG.png
TTTTGCATTTAGGCG	0.0034295417555365764	0.0019177024974362624	0.004398715343511359	0.0018075203226806376	0.0034809901867031874	-0.0008719728859002807	0.0021834914771435327	0.0025443385212682995	-0.0014420773646263813	-0.009195380459975446	-0.0018275956031664348	-0.018871788638055064	-0.013616903657828269	-0.012644126593251604	-0.021304420463045568	-0.03341376362465265	-0.045702405828924236	-0.01950243759549191	0.0034295417555365764;0.0018075203226806376;0.0021834914771435327;-0.009195380459975446;-0.013616903657828269;-0.03341376362465265	70;1410;2640;5150;7530;10150	0.11707903911226195;0.1564063182474947;0.18154239214951629;0.21308849451737186;0.2550877578356969;0.2541819298117505	chr08	MPC2	423092.0	edge_plots/TTTTGCATTTAGGCG.png
ATAGTCGATTAAGAT				-0.06138106609695375	-0.06127509037044339	-0.064628648978953													-0.06138106609695375	1410	0.1564063182474947	chr10		75385.0	edge_plots/ATAGTCGATTAAGAT.png
ATGAAGTTCATAATG				-0.007907399540658288	-0.007907399540658288								-0.009466763679531066	-0.021238691450740633	0.028344142334915688	-0.01997593507733263	0.004169492596177759	-0.02803234126320281	-0.007907399540658288;-0.009466763679531066;-0.01997593507733263	1410;7530;10150	0.1564063182474947;0.2550877578356969;0.2541819298117505	chr12		195255.0	edge_plots/ATGAAGTTCATAATG.png
CGAACAGAAACACAA				-0.024207269000676254	-0.022437338986970902	-0.0311414742474303	-0.04101661325627279	-0.039622114504092094	-0.050129933508412994	-0.027724128581135564	-0.010035777727383672	-0.028065510661987973	-0.0342407126985083	-0.05752953368538843	-0.031141361969547393	-0.0971879353461416	-0.04950764610344988	-0.10157556787807454	-0.024207269000676254;-0.04101661325627279;-0.027724128581135564;-0.0342407126985083;-0.0971879353461416	1410;2640;5150;7530;10150	0.1564063182474947;0.18154239214951629;0.21308849451737186;0.2550877578356969;0.2541819298117505	chr13		67611.0	edge_plots/CGAACAGAAACACAA.png
CTTTCTTGTGTATTT				-0.2420718497309172	-0.2594063248655953	-0.15583173037947187													-0.2420718497309172	1410	0.1564063182474947	chr16	BRR1	673212.0	edge_plots/CTTTCTTGTGTATTT.png
GCTAATTTCAAGAAT				-0.05374592420664831	-0.052944164409075255	-0.06385023888067178													-0.05374592420664831	1410	0.1564063182474947	chr15	RTG1	202476.0	edge_plots/GCTAATTTCAAGAAT.png
GCTGCGGAGCCTCAG				-0.07496587544470076	-0.0717424560562946	-0.07497034085376156	-0.11884703093389888	-0.09407803817378113	-0.193145245084186	-0.08218634202807801	-0.06479489264116373	-0.12860203583598045				-0.07509108885329706	-0.05739047335152499	-0.15935117207629992	-0.07496587544470076;-0.11884703093389888;-0.08218634202807801;-0.07509108885329706	1410;2640;5150;10150	0.1564063182474947;0.18154239214951629;0.21308849451737186;0.2541819298117505	chr16	HFI1	69636.0	edge_plots/GCTGCGGAGCCTCAG.png
TACACCAATTACACT				-0.11941149533754505	-0.08381275384029375	-0.1617744065633981				-0.13307173253230922	-0.2251845661816444	-0.10216403322524888	-0.19700820989929935	-0.1956675090698728	-0.1971629874881493	-0.15579387809995796	-0.1594177108611672	-0.1494064372949997	-0.11941149533754505;-0.13307173253230922;-0.19700820989929935;-0.15579387809995796	1410;5150;7530;10150	0.1564063182474947;0.21308849451737186;0.2550877578356969;0.2541819298117505	chr15		161141.0	edge_plots/TACACCAATTACACT.png
